start_time,away_team,away_team_score,home_team,home_team_score
2020-12-23 00:00:00+00:00,GOLDEN STATE WARRIORS,99,BROOKLYN NETS,125
2020-12-23 03:00:00+00:00,LOS ANGELES CLIPPERS,116,LOS ANGELES LAKERS,109
2020-12-24 00:00:00+00:00,CHARLOTTE HORNETS,114,CLEVELAND CAVALIERS,121
2020-12-24 00:00:00+00:00,NEW YORK KNICKS,107,INDIANA PACERS,121
2020-12-24 00:00:00+00:00,MIAMI HEAT,107,ORLANDO MAGIC,113
2020-12-24 00:00:00+00:00,WASHINGTON WIZARDS,107,PHILADELPHIA 76ERS,113
2020-12-24 00:30:00+00:00,NEW ORLEANS PELICANS,113,TORONTO RAPTORS,99
2020-12-24 00:30:00+00:00,MILWAUKEE BUCKS,121,BOSTON CELTICS,122
2020-12-24 01:00:00+00:00,ATLANTA HAWKS,124,CHICAGO BULLS,104
2020-12-24 01:00:00+00:00,SAN ANTONIO SPURS,131,MEMPHIS GRIZZLIES,119
2020-12-24 01:00:00+00:00,DETROIT PISTONS,101,MINNESOTA TIMBERWOLVES,111
2020-12-24 02:00:00+00:00,SACRAMENTO KINGS,124,DENVER NUGGETS,122
2020-12-24 03:00:00+00:00,UTAH JAZZ,120,PORTLAND TRAIL BLAZERS,100
2020-12-24 03:30:00+00:00,DALLAS MAVERICKS,102,PHOENIX SUNS,106
2020-12-25 17:00:00+00:00,NEW ORLEANS PELICANS,98,MIAMI HEAT,111
2020-12-25 19:30:00+00:00,GOLDEN STATE WARRIORS,99,MILWAUKEE BUCKS,138
2020-12-25 22:00:00+00:00,BROOKLYN NETS,123,BOSTON CELTICS,95
2020-12-26 01:00:00+00:00,DALLAS MAVERICKS,115,LOS ANGELES LAKERS,138
2020-12-26 03:30:00+00:00,LOS ANGELES CLIPPERS,121,DENVER NUGGETS,108
2020-12-26 22:00:00+00:00,ATLANTA HAWKS,122,MEMPHIS GRIZZLIES,112
2020-12-27 00:00:00+00:00,OKLAHOMA CITY THUNDER,109,CHARLOTTE HORNETS,107
2020-12-27 00:00:00+00:00,CLEVELAND CAVALIERS,128,DETROIT PISTONS,119
2020-12-27 00:00:00+00:00,ORLANDO MAGIC,130,WASHINGTON WIZARDS,120
2020-12-27 00:30:00+00:00,PHILADELPHIA 76ERS,109,NEW YORK KNICKS,89
2020-12-27 01:00:00+00:00,INDIANA PACERS,125,CHICAGO BULLS,106
2020-12-27 01:30:00+00:00,TORONTO RAPTORS,114,SAN ANTONIO SPURS,119
2020-12-27 02:00:00+00:00,MINNESOTA TIMBERWOLVES,116,UTAH JAZZ,111
2020-12-27 03:00:00+00:00,HOUSTON ROCKETS,126,PORTLAND TRAIL BLAZERS,128
2020-12-27 03:00:00+00:00,PHOENIX SUNS,103,SACRAMENTO KINGS,106
2020-12-27 20:30:00+00:00,DALLAS MAVERICKS,124,LOS ANGELES CLIPPERS,73
2020-12-28 00:00:00+00:00,SAN ANTONIO SPURS,95,NEW ORLEANS PELICANS,98
2020-12-28 00:00:00+00:00,ORLANDO MAGIC,120,WASHINGTON WIZARDS,113
2020-12-28 00:00:00+00:00,BROOKLYN NETS,104,CHARLOTTE HORNETS,106
2020-12-28 00:30:00+00:00,PHILADELPHIA 76ERS,94,CLEVELAND CAVALIERS,118
2020-12-28 00:30:00+00:00,MILWAUKEE BUCKS,110,NEW YORK KNICKS,130
2020-12-28 01:00:00+00:00,BOSTON CELTICS,107,INDIANA PACERS,108
2020-12-28 01:00:00+00:00,GOLDEN STATE WARRIORS,129,CHICAGO BULLS,128
2020-12-28 02:00:00+00:00,PHOENIX SUNS,116,SACRAMENTO KINGS,100
2020-12-28 03:00:00+00:00,MINNESOTA TIMBERWOLVES,91,LOS ANGELES LAKERS,127
2020-12-29 00:30:00+00:00,MEMPHIS GRIZZLIES,116,BROOKLYN NETS,111
2020-12-29 00:30:00+00:00,DETROIT PISTONS,120,ATLANTA HAWKS,128
2020-12-29 01:00:00+00:00,UTAH JAZZ,110,OKLAHOMA CITY THUNDER,109
2020-12-29 02:00:00+00:00,HOUSTON ROCKETS,111,DENVER NUGGETS,124
2020-12-29 03:00:00+00:00,PORTLAND TRAIL BLAZERS,115,LOS ANGELES LAKERS,107
2020-12-30 00:00:00+00:00,NEW YORK KNICKS,95,CLEVELAND CAVALIERS,86
2020-12-30 00:00:00+00:00,GOLDEN STATE WARRIORS,116,DETROIT PISTONS,106
2020-12-30 00:00:00+00:00,BOSTON CELTICS,116,INDIANA PACERS,111
2020-12-30 00:00:00+00:00,CHICAGO BULLS,115,WASHINGTON WIZARDS,107
2020-12-30 00:00:00+00:00,TORONTO RAPTORS,93,PHILADELPHIA 76ERS,100
2020-12-30 00:30:00+00:00,MILWAUKEE BUCKS,144,MIAMI HEAT,97
2020-12-30 01:00:00+00:00,ORLANDO MAGIC,118,OKLAHOMA CITY THUNDER,107
2020-12-30 03:00:00+00:00,NEW ORLEANS PELICANS,86,PHOENIX SUNS,111
2020-12-30 03:00:00+00:00,DENVER NUGGETS,115,SACRAMENTO KINGS,125
2020-12-30 03:00:00+00:00,MINNESOTA TIMBERWOLVES,101,LOS ANGELES CLIPPERS,124
2020-12-31 00:30:00+00:00,MILWAUKEE BUCKS,108,MIAMI HEAT,119
2020-12-31 00:30:00+00:00,ATLANTA HAWKS,141,BROOKLYN NETS,145
2020-12-31 00:30:00+00:00,MEMPHIS GRIZZLIES,107,BOSTON CELTICS,126
2020-12-31 01:30:00+00:00,CHARLOTTE HORNETS,118,DALLAS MAVERICKS,99
2020-12-31 01:30:00+00:00,LOS ANGELES LAKERS,121,SAN ANTONIO SPURS,107
2020-12-31 03:00:00+00:00,PORTLAND TRAIL BLAZERS,105,LOS ANGELES CLIPPERS,128
2020-12-31 20:00:00+00:00,CLEVELAND CAVALIERS,99,INDIANA PACERS,119
2020-12-31 22:00:00+00:00,CHICAGO BULLS,133,WASHINGTON WIZARDS,130
2020-12-31 23:30:00+00:00,PHILADELPHIA 76ERS,116,ORLANDO MAGIC,92
2021-01-01 00:00:00+00:00,SACRAMENTO KINGS,119,HOUSTON ROCKETS,122
2021-01-01 00:30:00+00:00,NEW YORK KNICKS,83,TORONTO RAPTORS,100
2021-01-01 01:00:00+00:00,NEW ORLEANS PELICANS,113,OKLAHOMA CITY THUNDER,80
2021-01-01 02:00:00+00:00,PHOENIX SUNS,106,UTAH JAZZ,95
2020-12-23 00:00:00+00:00,GOLDEN STATE WARRIORS,99,BROOKLYN NETS,125
2020-12-23 03:00:00+00:00,LOS ANGELES CLIPPERS,116,LOS ANGELES LAKERS,109
2020-12-24 00:00:00+00:00,CHARLOTTE HORNETS,114,CLEVELAND CAVALIERS,121
2020-12-24 00:00:00+00:00,NEW YORK KNICKS,107,INDIANA PACERS,121
2020-12-24 00:00:00+00:00,MIAMI HEAT,107,ORLANDO MAGIC,113
2020-12-24 00:00:00+00:00,WASHINGTON WIZARDS,107,PHILADELPHIA 76ERS,113
2020-12-24 00:30:00+00:00,NEW ORLEANS PELICANS,113,TORONTO RAPTORS,99
2020-12-24 00:30:00+00:00,MILWAUKEE BUCKS,121,BOSTON CELTICS,122
2020-12-24 01:00:00+00:00,ATLANTA HAWKS,124,CHICAGO BULLS,104
2020-12-24 01:00:00+00:00,SAN ANTONIO SPURS,131,MEMPHIS GRIZZLIES,119
2020-12-24 01:00:00+00:00,DETROIT PISTONS,101,MINNESOTA TIMBERWOLVES,111
2020-12-24 02:00:00+00:00,SACRAMENTO KINGS,124,DENVER NUGGETS,122
2020-12-24 03:00:00+00:00,UTAH JAZZ,120,PORTLAND TRAIL BLAZERS,100
2020-12-24 03:30:00+00:00,DALLAS MAVERICKS,102,PHOENIX SUNS,106
2020-12-25 17:00:00+00:00,NEW ORLEANS PELICANS,98,MIAMI HEAT,111
2020-12-25 19:30:00+00:00,GOLDEN STATE WARRIORS,99,MILWAUKEE BUCKS,138
2020-12-25 22:00:00+00:00,BROOKLYN NETS,123,BOSTON CELTICS,95
2020-12-26 01:00:00+00:00,DALLAS MAVERICKS,115,LOS ANGELES LAKERS,138
2020-12-26 03:30:00+00:00,LOS ANGELES CLIPPERS,121,DENVER NUGGETS,108
2020-12-26 22:00:00+00:00,ATLANTA HAWKS,122,MEMPHIS GRIZZLIES,112
2020-12-27 00:00:00+00:00,OKLAHOMA CITY THUNDER,109,CHARLOTTE HORNETS,107
2020-12-27 00:00:00+00:00,CLEVELAND CAVALIERS,128,DETROIT PISTONS,119
2020-12-27 00:00:00+00:00,ORLANDO MAGIC,130,WASHINGTON WIZARDS,120
2020-12-27 00:30:00+00:00,PHILADELPHIA 76ERS,109,NEW YORK KNICKS,89
2020-12-27 01:00:00+00:00,INDIANA PACERS,125,CHICAGO BULLS,106
2020-12-27 01:30:00+00:00,TORONTO RAPTORS,114,SAN ANTONIO SPURS,119
2020-12-27 02:00:00+00:00,MINNESOTA TIMBERWOLVES,116,UTAH JAZZ,111
2020-12-27 03:00:00+00:00,HOUSTON ROCKETS,126,PORTLAND TRAIL BLAZERS,128
2020-12-27 03:00:00+00:00,PHOENIX SUNS,103,SACRAMENTO KINGS,106
2020-12-27 20:30:00+00:00,DALLAS MAVERICKS,124,LOS ANGELES CLIPPERS,73
2020-12-28 00:00:00+00:00,SAN ANTONIO SPURS,95,NEW ORLEANS PELICANS,98
2020-12-28 00:00:00+00:00,ORLANDO MAGIC,120,WASHINGTON WIZARDS,113
2020-12-28 00:00:00+00:00,BROOKLYN NETS,104,CHARLOTTE HORNETS,106
2020-12-28 00:30:00+00:00,PHILADELPHIA 76ERS,94,CLEVELAND CAVALIERS,118
2020-12-28 00:30:00+00:00,MILWAUKEE BUCKS,110,NEW YORK KNICKS,130
2020-12-28 01:00:00+00:00,BOSTON CELTICS,107,INDIANA PACERS,108
2020-12-28 01:00:00+00:00,GOLDEN STATE WARRIORS,129,CHICAGO BULLS,128
2020-12-28 02:00:00+00:00,PHOENIX SUNS,116,SACRAMENTO KINGS,100
2020-12-28 03:00:00+00:00,MINNESOTA TIMBERWOLVES,91,LOS ANGELES LAKERS,127
2020-12-29 00:30:00+00:00,MEMPHIS GRIZZLIES,116,BROOKLYN NETS,111
2020-12-29 00:30:00+00:00,DETROIT PISTONS,120,ATLANTA HAWKS,128
2020-12-29 01:00:00+00:00,UTAH JAZZ,110,OKLAHOMA CITY THUNDER,109
2020-12-29 02:00:00+00:00,HOUSTON ROCKETS,111,DENVER NUGGETS,124
2020-12-29 03:00:00+00:00,PORTLAND TRAIL BLAZERS,115,LOS ANGELES LAKERS,107
2020-12-30 00:00:00+00:00,NEW YORK KNICKS,95,CLEVELAND CAVALIERS,86
2020-12-30 00:00:00+00:00,GOLDEN STATE WARRIORS,116,DETROIT PISTONS,106
2020-12-30 00:00:00+00:00,BOSTON CELTICS,116,INDIANA PACERS,111
2020-12-30 00:00:00+00:00,CHICAGO BULLS,115,WASHINGTON WIZARDS,107
2020-12-30 00:00:00+00:00,TORONTO RAPTORS,93,PHILADELPHIA 76ERS,100
2020-12-30 00:30:00+00:00,MILWAUKEE BUCKS,144,MIAMI HEAT,97
2020-12-30 01:00:00+00:00,ORLANDO MAGIC,118,OKLAHOMA CITY THUNDER,107
2020-12-30 03:00:00+00:00,NEW ORLEANS PELICANS,86,PHOENIX SUNS,111
2020-12-30 03:00:00+00:00,DENVER NUGGETS,115,SACRAMENTO KINGS,125
2020-12-30 03:00:00+00:00,MINNESOTA TIMBERWOLVES,101,LOS ANGELES CLIPPERS,124
2020-12-31 00:30:00+00:00,MILWAUKEE BUCKS,108,MIAMI HEAT,119
2020-12-31 00:30:00+00:00,ATLANTA HAWKS,141,BROOKLYN NETS,145
2020-12-31 00:30:00+00:00,MEMPHIS GRIZZLIES,107,BOSTON CELTICS,126
2020-12-31 01:30:00+00:00,CHARLOTTE HORNETS,118,DALLAS MAVERICKS,99
2020-12-31 01:30:00+00:00,LOS ANGELES LAKERS,121,SAN ANTONIO SPURS,107
2020-12-31 03:00:00+00:00,PORTLAND TRAIL BLAZERS,105,LOS ANGELES CLIPPERS,128
2020-12-31 20:00:00+00:00,CLEVELAND CAVALIERS,99,INDIANA PACERS,119
2020-12-31 22:00:00+00:00,CHICAGO BULLS,133,WASHINGTON WIZARDS,130
2020-12-31 23:30:00+00:00,PHILADELPHIA 76ERS,116,ORLANDO MAGIC,92
2021-01-01 00:00:00+00:00,SACRAMENTO KINGS,119,HOUSTON ROCKETS,122
2021-01-01 00:30:00+00:00,NEW YORK KNICKS,83,TORONTO RAPTORS,100
2021-01-01 01:00:00+00:00,NEW ORLEANS PELICANS,113,OKLAHOMA CITY THUNDER,80
2021-01-01 02:00:00+00:00,PHOENIX SUNS,106,UTAH JAZZ,95
2021-01-02 00:00:00+00:00,MEMPHIS GRIZZLIES,108,CHARLOTTE HORNETS,93
2021-01-02 00:00:00+00:00,MIAMI HEAT,83,DALLAS MAVERICKS,93
2021-01-02 00:00:00+00:00,BOSTON CELTICS,93,DETROIT PISTONS,96
2021-01-02 00:30:00+00:00,ATLANTA HAWKS,114,BROOKLYN NETS,96
2021-01-02 01:00:00+00:00,CHICAGO BULLS,96,MILWAUKEE BUCKS,126
2021-01-02 01:00:00+00:00,WASHINGTON WIZARDS,130,MINNESOTA TIMBERWOLVES,109
2021-01-02 01:00:00+00:00,LOS ANGELES LAKERS,109,SAN ANTONIO SPURS,103
2021-01-02 02:00:00+00:00,PHOENIX SUNS,106,DENVER NUGGETS,103
2021-01-02 02:00:00+00:00,LOS ANGELES CLIPPERS,100,UTAH JAZZ,106
2021-01-02 03:30:00+00:00,PORTLAND TRAIL BLAZERS,123,GOLDEN STATE WARRIORS,98
2021-01-02 22:00:00+00:00,SACRAMENTO KINGS,94,HOUSTON ROCKETS,102
2021-01-03 00:00:00+00:00,NEW YORK KNICKS,106,INDIANA PACERS,102
2021-01-03 00:00:00+00:00,OKLAHOMA CITY THUNDER,108,ORLANDO MAGIC,99
2021-01-03 00:00:00+00:00,CHARLOTTE HORNETS,112,PHILADELPHIA 76ERS,127
2021-01-03 00:30:00+00:00,CLEVELAND CAVALIERS,96,ATLANTA HAWKS,91
2021-01-03 00:30:00+00:00,TORONTO RAPTORS,116,NEW ORLEANS PELICANS,120
2021-01-03 20:00:00+00:00,BOSTON CELTICS,122,DETROIT PISTONS,120
2021-01-03 23:00:00+00:00,WASHINGTON WIZARDS,123,BROOKLYN NETS,122
2021-01-03 23:00:00+00:00,LOS ANGELES LAKERS,108,MEMPHIS GRIZZLIES,94
2021-01-04 00:00:00+00:00,DENVER NUGGETS,124,MINNESOTA TIMBERWOLVES,109
2021-01-04 00:00:00+00:00,UTAH JAZZ,130,SAN ANTONIO SPURS,109
2021-01-04 01:00:00+00:00,DALLAS MAVERICKS,108,CHICAGO BULLS,118
2021-01-04 01:00:00+00:00,LOS ANGELES CLIPPERS,112,PHOENIX SUNS,107
2021-01-04 01:30:00+00:00,PORTLAND TRAIL BLAZERS,122,GOLDEN STATE WARRIORS,137
2021-01-05 00:00:00+00:00,CLEVELAND CAVALIERS,83,ORLANDO MAGIC,103
2021-01-05 00:00:00+00:00,CHARLOTTE HORNETS,101,PHILADELPHIA 76ERS,118
2021-01-05 00:30:00+00:00,NEW YORK KNICKS,113,ATLANTA HAWKS,108
2021-01-05 00:30:00+00:00,OKLAHOMA CITY THUNDER,90,MIAMI HEAT,118
2021-01-05 00:30:00+00:00,BOSTON CELTICS,126,TORONTO RAPTORS,114
2021-01-05 01:00:00+00:00,DALLAS MAVERICKS,113,HOUSTON ROCKETS,100
2021-01-05 01:00:00+00:00,DETROIT PISTONS,115,MILWAUKEE BUCKS,125
2021-01-05 01:00:00+00:00,INDIANA PACERS,118,NEW ORLEANS PELICANS,116
2021-01-05 03:00:00+00:00,SACRAMENTO KINGS,106,GOLDEN STATE WARRIORS,137
2021-01-06 00:30:00+00:00,UTAH JAZZ,96,BROOKLYN NETS,130
2021-01-06 01:00:00+00:00,LOS ANGELES LAKERS,94,MEMPHIS GRIZZLIES,92
2021-01-06 02:00:00+00:00,MINNESOTA TIMBERWOLVES,116,DENVER NUGGETS,123
2021-01-06 03:00:00+00:00,SAN ANTONIO SPURS,116,LOS ANGELES CLIPPERS,113
2021-01-06 03:30:00+00:00,CHICAGO BULLS,111,PORTLAND TRAIL BLAZERS,108
2021-01-07 00:00:00+00:00,HOUSTON ROCKETS,107,INDIANA PACERS,114
2021-01-07 00:00:00+00:00,CLEVELAND CAVALIERS,94,ORLANDO MAGIC,105
2021-01-07 00:00:00+00:00,WASHINGTON WIZARDS,136,PHILADELPHIA 76ERS,141
2021-01-07 00:30:00+00:00,CHARLOTTE HORNETS,102,ATLANTA HAWKS,94
2021-01-07 00:30:00+00:00,BOSTON CELTICS,107,MIAMI HEAT,105
2021-01-07 00:30:00+00:00,UTAH JAZZ,100,NEW YORK KNICKS,112
2021-01-07 01:00:00+00:00,DETROIT PISTONS,115,MILWAUKEE BUCKS,130
2021-01-07 01:00:00+00:00,OKLAHOMA CITY THUNDER,111,NEW ORLEANS PELICANS,110
2021-01-07 02:00:00+00:00,TORONTO RAPTORS,115,PHOENIX SUNS,123
2021-01-07 03:00:00+00:00,LOS ANGELES CLIPPERS,108,GOLDEN STATE WARRIORS,101
2021-01-07 03:00:00+00:00,CHICAGO BULLS,124,SACRAMENTO KINGS,128
2021-01-08 00:30:00+00:00,PHILADELPHIA 76ERS,109,BROOKLYN NETS,122
2021-01-08 01:00:00+00:00,CLEVELAND CAVALIERS,94,MEMPHIS GRIZZLIES,90
2021-01-08 03:00:00+00:00,DALLAS MAVERICKS,124,DENVER NUGGETS,117
2021-01-08 03:00:00+00:00,SAN ANTONIO SPURS,118,LOS ANGELES LAKERS,109
2021-01-08 03:00:00+00:00,MINNESOTA TIMBERWOLVES,117,PORTLAND TRAIL BLAZERS,135
2021-01-09 00:00:00+00:00,PHOENIX SUNS,105,DETROIT PISTONS,110
2021-01-09 00:30:00+00:00,WASHINGTON WIZARDS,107,BOSTON CELTICS,116
2021-01-09 00:30:00+00:00,CHARLOTTE HORNETS,118,NEW ORLEANS PELICANS,110
2021-01-09 00:30:00+00:00,OKLAHOMA CITY THUNDER,101,NEW YORK KNICKS,89
2021-01-09 01:00:00+00:00,ORLANDO MAGIC,90,HOUSTON ROCKETS,132
2021-01-09 01:00:00+00:00,BROOKLYN NETS,110,MEMPHIS GRIZZLIES,115
2021-01-09 01:00:00+00:00,UTAH JAZZ,131,MILWAUKEE BUCKS,118
2021-01-09 03:00:00+00:00,LOS ANGELES CLIPPERS,105,GOLDEN STATE WARRIORS,115
2021-01-09 03:00:00+00:00,CHICAGO BULLS,115,LOS ANGELES LAKERS,117
2021-01-09 03:00:00+00:00,TORONTO RAPTORS,144,SACRAMENTO KINGS,123
2021-01-09 20:00:00+00:00,DENVER NUGGETS,115,PHILADELPHIA 76ERS,103
2021-01-10 00:00:00+00:00,ATLANTA HAWKS,105,CHARLOTTE HORNETS,113
2021-01-10 00:00:00+00:00,PHOENIX SUNS,125,INDIANA PACERS,117
2021-01-10 00:00:00+00:00,MIAMI HEAT,128,WASHINGTON WIZARDS,124
2021-01-10 01:00:00+00:00,CLEVELAND CAVALIERS,90,MILWAUKEE BUCKS,100
2021-01-10 01:00:00+00:00,SAN ANTONIO SPURS,125,MINNESOTA TIMBERWOLVES,122
2021-01-10 01:30:00+00:00,ORLANDO MAGIC,98,DALLAS MAVERICKS,112
2021-01-10 03:00:00+00:00,PORTLAND TRAIL BLAZERS,125,SACRAMENTO KINGS,99
2021-01-10 20:00:00+00:00,UTAH JAZZ,96,DETROIT PISTONS,86
2021-01-10 21:00:00+00:00,CHICAGO BULLS,127,LOS ANGELES CLIPPERS,130
2021-01-10 23:00:00+00:00,OKLAHOMA CITY THUNDER,129,BROOKLYN NETS,116
2021-01-10 23:00:00+00:00,DENVER NUGGETS,114,NEW YORK KNICKS,89
2021-01-11 00:00:00+00:00,LOS ANGELES LAKERS,120,HOUSTON ROCKETS,102
2021-01-11 01:00:00+00:00,SAN ANTONIO SPURS,88,MINNESOTA TIMBERWOLVES,96
2021-01-11 01:30:00+00:00,TORONTO RAPTORS,105,GOLDEN STATE WARRIORS,106
2021-01-12 00:00:00+00:00,NEW YORK KNICKS,88,CHARLOTTE HORNETS,109
2021-01-12 00:00:00+00:00,MEMPHIS GRIZZLIES,101,CLEVELAND CAVALIERS,91
2021-01-12 00:00:00+00:00,MILWAUKEE BUCKS,121,ORLANDO MAGIC,99
2021-01-12 00:00:00+00:00,PHOENIX SUNS,107,WASHINGTON WIZARDS,128
2021-01-12 00:30:00+00:00,PHILADELPHIA 76ERS,94,ATLANTA HAWKS,112
2021-01-12 03:00:00+00:00,TORONTO RAPTORS,111,PORTLAND TRAIL BLAZERS,112
2021-01-12 03:00:00+00:00,INDIANA PACERS,122,SACRAMENTO KINGS,127
2021-01-13 00:00:00+00:00,MIAMI HEAT,134,PHILADELPHIA 76ERS,137
2021-01-13 00:30:00+00:00,DENVER NUGGETS,116,BROOKLYN NETS,122
2021-01-13 00:30:00+00:00,UTAH JAZZ,117,CLEVELAND CAVALIERS,87
2021-01-13 01:00:00+00:00,LOS ANGELES LAKERS,117,HOUSTON ROCKETS,100
2021-01-13 01:00:00+00:00,SAN ANTONIO SPURS,112,OKLAHOMA CITY THUNDER,102
2021-01-13 03:30:00+00:00,INDIANA PACERS,104,GOLDEN STATE WARRIORS,95
2021-01-14 00:00:00+00:00,DALLAS MAVERICKS,104,CHARLOTTE HORNETS,93
2021-01-14 00:00:00+00:00,MILWAUKEE BUCKS,110,DETROIT PISTONS,101
2021-01-14 00:30:00+00:00,BROOKLYN NETS,116,NEW YORK KNICKS,109
2021-01-14 01:00:00+00:00,MEMPHIS GRIZZLIES,118,MINNESOTA TIMBERWOLVES,107
2021-01-14 01:00:00+00:00,LOS ANGELES LAKERS,128,OKLAHOMA CITY THUNDER,99
2021-01-14 03:00:00+00:00,NEW ORLEANS PELICANS,106,LOS ANGELES CLIPPERS,111
2021-01-14 03:00:00+00:00,PORTLAND TRAIL BLAZERS,132,SACRAMENTO KINGS,126
2021-01-15 00:00:00+00:00,MIAMI HEAT,108,PHILADELPHIA 76ERS,125
2021-01-15 00:30:00+00:00,HOUSTON ROCKETS,109,SAN ANTONIO SPURS,105
2021-01-15 00:30:00+00:00,CHARLOTTE HORNETS,108,TORONTO RAPTORS,111
2021-01-15 03:00:00+00:00,GOLDEN STATE WARRIORS,104,DENVER NUGGETS,114
2021-01-15 03:00:00+00:00,INDIANA PACERS,111,PORTLAND TRAIL BLAZERS,87
2021-01-16 00:30:00+00:00,ORLANDO MAGIC,97,BOSTON CELTICS,124
2021-01-16 00:30:00+00:00,NEW YORK KNICKS,103,CLEVELAND CAVALIERS,106
2021-01-16 00:30:00+00:00,DALLAS MAVERICKS,109,MILWAUKEE BUCKS,112
2021-01-16 01:00:00+00:00,CHICAGO BULLS,125,OKLAHOMA CITY THUNDER,127
2021-01-16 02:00:00+00:00,ATLANTA HAWKS,92,UTAH JAZZ,116
2021-01-16 03:00:00+00:00,NEW ORLEANS PELICANS,95,LOS ANGELES LAKERS,112
2021-01-16 03:00:00+00:00,LOS ANGELES CLIPPERS,138,SACRAMENTO KINGS,100
2021-01-16 22:00:00+00:00,HOUSTON ROCKETS,91,SAN ANTONIO SPURS,103
2021-01-16 23:00:00+00:00,ORLANDO MAGIC,115,BROOKLYN NETS,122
2021-01-17 00:30:00+00:00,CHARLOTTE HORNETS,113,TORONTO RAPTORS,116
2021-01-17 01:00:00+00:00,PHILADELPHIA 76ERS,104,MEMPHIS GRIZZLIES,106
2021-01-17 01:00:00+00:00,DETROIT PISTONS,120,MIAMI HEAT,100
2021-01-17 03:00:00+00:00,ATLANTA HAWKS,106,PORTLAND TRAIL BLAZERS,112
2021-01-17 18:00:00+00:00,NEW YORK KNICKS,105,BOSTON CELTICS,75
2021-01-17 20:00:00+00:00,CHICAGO BULLS,117,DALLAS MAVERICKS,101
2021-01-18 01:00:00+00:00,UTAH JAZZ,109,DENVER NUGGETS,105
2021-01-18 02:00:00+00:00,NEW ORLEANS PELICANS,128,SACRAMENTO KINGS,123
2021-01-18 03:00:00+00:00,INDIANA PACERS,96,LOS ANGELES CLIPPERS,129
2021-01-18 17:00:00+00:00,ORLANDO MAGIC,84,NEW YORK KNICKS,91
2021-01-18 19:30:00+00:00,MINNESOTA TIMBERWOLVES,97,ATLANTA HAWKS,108
2021-01-18 20:00:00+00:00,SAN ANTONIO SPURS,125,PORTLAND TRAIL BLAZERS,104
2021-01-18 22:00:00+00:00,PHOENIX SUNS,104,MEMPHIS GRIZZLIES,108
2021-01-19 00:30:00+00:00,MILWAUKEE BUCKS,123,BROOKLYN NETS,125
2021-01-19 00:30:00+00:00,DALLAS MAVERICKS,93,TORONTO RAPTORS,116
2021-01-19 01:00:00+00:00,HOUSTON ROCKETS,120,CHICAGO BULLS,125
2021-01-19 01:00:00+00:00,DETROIT PISTONS,107,MIAMI HEAT,113
2021-01-19 03:00:00+00:00,GOLDEN STATE WARRIORS,115,LOS ANGELES LAKERS,113
2021-01-20 02:00:00+00:00,OKLAHOMA CITY THUNDER,101,DENVER NUGGETS,119
2021-01-20 02:00:00+00:00,NEW ORLEANS PELICANS,102,UTAH JAZZ,118
2021-01-21 00:00:00+00:00,BROOKLYN NETS,135,CLEVELAND CAVALIERS,147
2021-01-21 00:00:00+00:00,DALLAS MAVERICKS,124,INDIANA PACERS,112
2021-01-21 00:00:00+00:00,BOSTON CELTICS,109,PHILADELPHIA 76ERS,117
2021-01-21 00:30:00+00:00,DETROIT PISTONS,115,ATLANTA HAWKS,123
2021-01-21 00:30:00+00:00,MIAMI HEAT,111,TORONTO RAPTORS,102
2021-01-21 01:00:00+00:00,ORLANDO MAGIC,97,MINNESOTA TIMBERWOLVES,96
2021-01-21 02:30:00+00:00,PHOENIX SUNS,109,HOUSTON ROCKETS,103
2021-01-21 03:00:00+00:00,SAN ANTONIO SPURS,99,GOLDEN STATE WARRIORS,121
2021-01-21 03:00:00+00:00,SACRAMENTO KINGS,96,LOS ANGELES CLIPPERS,115
2021-01-22 00:30:00+00:00,LOS ANGELES LAKERS,113,MILWAUKEE BUCKS,106
2021-01-22 03:00:00+00:00,NEW YORK KNICKS,119,GOLDEN STATE WARRIORS,104
2021-01-22 03:00:00+00:00,NEW ORLEANS PELICANS,118,UTAH JAZZ,129
2021-01-23 00:00:00+00:00,CHICAGO BULLS,123,CHARLOTTE HORNETS,110
2021-01-23 00:00:00+00:00,HOUSTON ROCKETS,103,DETROIT PISTONS,102
2021-01-23 00:00:00+00:00,ORLANDO MAGIC,118,INDIANA PACERS,120
2021-01-23 00:30:00+00:00,BROOKLYN NETS,113,CLEVELAND CAVALIERS,125
2021-01-23 00:30:00+00:00,BOSTON CELTICS,110,PHILADELPHIA 76ERS,122
2021-01-23 00:30:00+00:00,MIAMI HEAT,81,TORONTO RAPTORS,101
2021-01-23 01:00:00+00:00,ATLANTA HAWKS,116,MINNESOTA TIMBERWOLVES,98
2021-01-23 01:30:00+00:00,DALLAS MAVERICKS,122,SAN ANTONIO SPURS,117
2021-01-23 03:00:00+00:00,OKLAHOMA CITY THUNDER,106,LOS ANGELES CLIPPERS,120
2021-01-23 03:00:00+00:00,DENVER NUGGETS,130,PHOENIX SUNS,126
2021-01-23 03:00:00+00:00,NEW YORK KNICKS,94,SACRAMENTO KINGS,103
2021-01-24 01:00:00+00:00,MIAMI HEAT,124,BROOKLYN NETS,128
2021-01-24 01:00:00+00:00,PHILADELPHIA 76ERS,114,DETROIT PISTONS,110
2021-01-24 01:00:00+00:00,NEW ORLEANS PELICANS,110,MINNESOTA TIMBERWOLVES,120
2021-01-24 02:00:00+00:00,LOS ANGELES LAKERS,101,CHICAGO BULLS,90
2021-01-24 02:00:00+00:00,HOUSTON ROCKETS,133,DALLAS MAVERICKS,108
2021-01-24 02:00:00+00:00,DENVER NUGGETS,120,PHOENIX SUNS,112
2021-01-24 02:00:00+00:00,GOLDEN STATE WARRIORS,108,UTAH JAZZ,127
2021-01-24 18:00:00+00:00,TORONTO RAPTORS,107,INDIANA PACERS,102
2021-01-24 21:00:00+00:00,OKLAHOMA CITY THUNDER,100,LOS ANGELES CLIPPERS,108
2021-01-25 00:00:00+00:00,CLEVELAND CAVALIERS,103,BOSTON CELTICS,141
2021-01-25 00:00:00+00:00,CHARLOTTE HORNETS,107,ORLANDO MAGIC,104
2021-01-25 01:00:00+00:00,ATLANTA HAWKS,115,MILWAUKEE BUCKS,129
2021-01-25 01:00:00+00:00,WASHINGTON WIZARDS,101,SAN ANTONIO SPURS,121
2021-01-25 03:00:00+00:00,NEW YORK KNICKS,113,PORTLAND TRAIL BLAZERS,116
2021-01-26 00:00:00+00:00,PHILADELPHIA 76ERS,104,DETROIT PISTONS,119
2021-01-26 00:00:00+00:00,TORONTO RAPTORS,114,INDIANA PACERS,129
2021-01-26 00:00:00+00:00,CHARLOTTE HORNETS,108,ORLANDO MAGIC,117
2021-01-26 00:30:00+00:00,MIAMI HEAT,85,BROOKLYN NETS,98
2021-01-26 01:00:00+00:00,LOS ANGELES LAKERS,115,CLEVELAND CAVALIERS,108
2021-01-26 01:30:00+00:00,DENVER NUGGETS,117,DALLAS MAVERICKS,113
2021-01-26 02:00:00+00:00,BOSTON CELTICS,119,CHICAGO BULLS,103
2021-01-26 03:00:00+00:00,MINNESOTA TIMBERWOLVES,108,GOLDEN STATE WARRIORS,130
2021-01-26 03:00:00+00:00,OKLAHOMA CITY THUNDER,125,PORTLAND TRAIL BLAZERS,122
2021-01-27 00:30:00+00:00,LOS ANGELES CLIPPERS,99,ATLANTA HAWKS,108
2021-01-27 01:00:00+00:00,WASHINGTON WIZARDS,88,HOUSTON ROCKETS,107
2021-01-27 02:00:00+00:00,NEW YORK KNICKS,94,UTAH JAZZ,108
2021-01-28 00:00:00+00:00,INDIANA PACERS,116,CHARLOTTE HORNETS,106
2021-01-28 00:00:00+00:00,DETROIT PISTONS,107,CLEVELAND CAVALIERS,122
2021-01-28 00:00:00+00:00,SACRAMENTO KINGS,121,ORLANDO MAGIC,107
2021-01-28 00:30:00+00:00,BROOKLYN NETS,132,ATLANTA HAWKS,128
2021-01-28 00:30:00+00:00,DENVER NUGGETS,109,MIAMI HEAT,82
2021-01-28 00:30:00+00:00,LOS ANGELES LAKERS,106,PHILADELPHIA 76ERS,107
2021-01-28 00:30:00+00:00,MILWAUKEE BUCKS,115,TORONTO RAPTORS,108
2021-01-28 01:30:00+00:00,BOSTON CELTICS,106,SAN ANTONIO SPURS,110
2021-01-28 02:00:00+00:00,WASHINGTON WIZARDS,106,NEW ORLEANS PELICANS,124
2021-01-28 02:00:00+00:00,OKLAHOMA CITY THUNDER,102,PHOENIX SUNS,97
2021-01-28 02:00:00+00:00,DALLAS MAVERICKS,104,UTAH JAZZ,116
2021-01-28 03:00:00+00:00,MINNESOTA TIMBERWOLVES,111,GOLDEN STATE WARRIORS,123
2021-01-29 00:30:00+00:00,PORTLAND TRAIL BLAZERS,101,HOUSTON ROCKETS,104
2021-01-29 01:00:00+00:00,LOS ANGELES LAKERS,92,DETROIT PISTONS,107
2021-01-29 01:00:00+00:00,LOS ANGELES CLIPPERS,109,MIAMI HEAT,105
2021-01-29 03:00:00+00:00,GOLDEN STATE WARRIORS,93,PHOENIX SUNS,114
2021-01-30 00:00:00+00:00,INDIANA PACERS,105,CHARLOTTE HORNETS,108
2021-01-30 00:00:00+00:00,ATLANTA HAWKS,116,WASHINGTON WIZARDS,100
2021-01-30 00:30:00+00:00,MILWAUKEE BUCKS,126,NEW ORLEANS PELICANS,131
2021-01-30 00:30:00+00:00,CLEVELAND CAVALIERS,81,NEW YORK KNICKS,102
2021-01-30 00:30:00+00:00,SACRAMENTO KINGS,126,TORONTO RAPTORS,124
2021-01-30 01:00:00+00:00,PHILADELPHIA 76ERS,118,MINNESOTA TIMBERWOLVES,94
2021-01-30 01:00:00+00:00,BROOKLYN NETS,147,OKLAHOMA CITY THUNDER,125
2021-01-30 01:00:00+00:00,LOS ANGELES CLIPPERS,116,ORLANDO MAGIC,90
2021-01-30 01:30:00+00:00,DENVER NUGGETS,109,SAN ANTONIO SPURS,119
2021-01-30 03:00:00+00:00,DALLAS MAVERICKS,101,UTAH JAZZ,120
2021-01-31 01:00:00+00:00,PORTLAND TRAIL BLAZERS,123,CHICAGO BULLS,122
2021-01-31 01:00:00+00:00,MILWAUKEE BUCKS,114,CHARLOTTE HORNETS,126
2021-01-31 01:00:00+00:00,SACRAMENTO KINGS,104,MIAMI HEAT,105
2021-01-31 01:00:00+00:00,HOUSTON ROCKETS,126,NEW ORLEANS PELICANS,112
2021-01-31 01:30:00+00:00,LOS ANGELES LAKERS,96,BOSTON CELTICS,95
2021-01-31 01:30:00+00:00,MEMPHIS GRIZZLIES,129,SAN ANTONIO SPURS,112
2021-01-31 02:00:00+00:00,PHOENIX SUNS,111,DALLAS MAVERICKS,105
2021-01-31 03:00:00+00:00,DETROIT PISTONS,91,GOLDEN STATE WARRIORS,118
2021-01-31 18:00:00+00:00,LOS ANGELES CLIPPERS,129,NEW YORK KNICKS,115
2021-01-31 20:30:00+00:00,UTAH JAZZ,117,DENVER NUGGETS,128
2021-02-01 00:00:00+00:00,PHILADELPHIA 76ERS,119,INDIANA PACERS,110
2021-02-01 00:00:00+00:00,ORLANDO MAGIC,102,TORONTO RAPTORS,115
2021-02-01 00:00:00+00:00,BROOKLYN NETS,146,WASHINGTON WIZARDS,149
2021-02-01 01:00:00+00:00,CLEVELAND CAVALIERS,104,MINNESOTA TIMBERWOLVES,109
2021-02-02 00:30:00+00:00,LOS ANGELES LAKERS,107,ATLANTA HAWKS,99
2021-02-02 00:30:00+00:00,CHARLOTTE HORNETS,129,MIAMI HEAT,121
2021-02-02 01:00:00+00:00,NEW YORK KNICKS,102,CHICAGO BULLS,110
2021-02-02 01:00:00+00:00,MINNESOTA TIMBERWOLVES,98,CLEVELAND CAVALIERS,100
2021-02-02 01:00:00+00:00,PORTLAND TRAIL BLAZERS,106,MILWAUKEE BUCKS,134
2021-02-02 01:00:00+00:00,SACRAMENTO KINGS,118,NEW ORLEANS PELICANS,109
2021-02-02 01:00:00+00:00,HOUSTON ROCKETS,136,OKLAHOMA CITY THUNDER,106
2021-02-02 01:30:00+00:00,PHOENIX SUNS,109,DALLAS MAVERICKS,108
2021-02-02 01:30:00+00:00,MEMPHIS GRIZZLIES,133,SAN ANTONIO SPURS,102
2021-02-03 00:00:00+00:00,TORONTO RAPTORS,123,ORLANDO MAGIC,108
2021-02-03 00:30:00+00:00,LOS ANGELES CLIPPERS,120,BROOKLYN NETS,124
2021-02-03 01:00:00+00:00,MEMPHIS GRIZZLIES,116,INDIANA PACERS,134
2021-02-03 01:00:00+00:00,PORTLAND TRAIL BLAZERS,132,WASHINGTON WIZARDS,121
2021-02-03 03:00:00+00:00,BOSTON CELTICS,111,GOLDEN STATE WARRIORS,107
2021-02-03 03:00:00+00:00,DETROIT PISTONS,105,UTAH JAZZ,117
2021-02-04 00:00:00+00:00,PHILADELPHIA 76ERS,118,CHARLOTTE HORNETS,111
2021-02-04 00:00:00+00:00,INDIANA PACERS,110,MILWAUKEE BUCKS,130
2021-02-04 00:30:00+00:00,DALLAS MAVERICKS,122,ATLANTA HAWKS,116
2021-02-04 01:00:00+00:00,NEW YORK KNICKS,107,CHICAGO BULLS,103
2021-02-04 01:00:00+00:00,LOS ANGELES CLIPPERS,121,CLEVELAND CAVALIERS,99
2021-02-04 01:00:00+00:00,WASHINGTON WIZARDS,103,MIAMI HEAT,100
2021-02-04 01:00:00+00:00,HOUSTON ROCKETS,87,OKLAHOMA CITY THUNDER,104
2021-02-04 01:30:00+00:00,MINNESOTA TIMBERWOLVES,108,SAN ANTONIO SPURS,111
2021-02-04 02:30:00+00:00,PHOENIX SUNS,101,NEW ORLEANS PELICANS,123
2021-02-04 03:00:00+00:00,BOSTON CELTICS,111,SACRAMENTO KINGS,116
2021-02-05 00:30:00+00:00,UTAH JAZZ,112,ATLANTA HAWKS,91
2021-02-05 00:30:00+00:00,GOLDEN STATE WARRIORS,147,DALLAS MAVERICKS,116
2021-02-05 01:00:00+00:00,PORTLAND TRAIL BLAZERS,121,PHILADELPHIA 76ERS,105
2021-02-05 02:00:00+00:00,HOUSTON ROCKETS,115,MEMPHIS GRIZZLIES,103
2021-02-05 03:00:00+00:00,DENVER NUGGETS,93,LOS ANGELES LAKERS,114
2021-02-06 00:00:00+00:00,NEW ORLEANS PELICANS,114,INDIANA PACERS,113
2021-02-06 00:00:00+00:00,CHICAGO BULLS,119,ORLANDO MAGIC,123
2021-02-06 00:30:00+00:00,TORONTO RAPTORS,123,BROOKLYN NETS,117
2021-02-06 00:30:00+00:00,MILWAUKEE BUCKS,123,CLEVELAND CAVALIERS,105
2021-02-06 01:00:00+00:00,UTAH JAZZ,138,CHARLOTTE HORNETS,121
2021-02-06 01:00:00+00:00,WASHINGTON WIZARDS,95,MIAMI HEAT,122
2021-02-06 01:00:00+00:00,MINNESOTA TIMBERWOLVES,106,OKLAHOMA CITY THUNDER,103
2021-02-06 02:00:00+00:00,DETROIT PISTONS,92,PHOENIX SUNS,109
2021-02-06 03:00:00+00:00,BOSTON CELTICS,119,LOS ANGELES CLIPPERS,115
2021-02-06 18:00:00+00:00,PORTLAND TRAIL BLAZERS,99,NEW YORK KNICKS,110
2021-02-06 22:00:00+00:00,DENVER NUGGETS,114,SACRAMENTO KINGS,119
2021-02-07 00:00:00+00:00,CHICAGO BULLS,118,ORLANDO MAGIC,92
2021-02-07 01:00:00+00:00,TORONTO RAPTORS,121,ATLANTA HAWKS,132
2021-02-07 01:00:00+00:00,MILWAUKEE BUCKS,124,CLEVELAND CAVALIERS,99
2021-02-07 01:00:00+00:00,SAN ANTONIO SPURS,111,HOUSTON ROCKETS,106
2021-02-07 01:00:00+00:00,MINNESOTA TIMBERWOLVES,118,OKLAHOMA CITY THUNDER,120
2021-02-07 01:00:00+00:00,BROOKLYN NETS,108,PHILADELPHIA 76ERS,124
2021-02-07 01:30:00+00:00,GOLDEN STATE WARRIORS,132,DALLAS MAVERICKS,134
2021-02-07 02:00:00+00:00,MEMPHIS GRIZZLIES,109,NEW ORLEANS PELICANS,118
2021-02-07 03:00:00+00:00,DETROIT PISTONS,129,LOS ANGELES LAKERS,135
2021-02-07 18:00:00+00:00,WASHINGTON WIZARDS,97,CHARLOTTE HORNETS,119
2021-02-07 18:00:00+00:00,UTAH JAZZ,103,INDIANA PACERS,95
2021-02-07 18:00:00+00:00,MIAMI HEAT,109,NEW YORK KNICKS,103
2021-02-07 19:00:00+00:00,BOSTON CELTICS,91,PHOENIX SUNS,100
2021-02-07 20:00:00+00:00,SACRAMENTO KINGS,113,LOS ANGELES CLIPPERS,110
2021-02-09 00:00:00+00:00,HOUSTON ROCKETS,94,CHARLOTTE HORNETS,119
2021-02-09 01:00:00+00:00,WASHINGTON WIZARDS,105,CHICAGO BULLS,101
2021-02-09 01:00:00+00:00,TORONTO RAPTORS,128,MEMPHIS GRIZZLIES,113
2021-02-09 01:30:00+00:00,MINNESOTA TIMBERWOLVES,122,DALLAS MAVERICKS,127
2021-02-09 01:30:00+00:00,GOLDEN STATE WARRIORS,100,SAN ANTONIO SPURS,105
2021-02-09 02:00:00+00:00,CLEVELAND CAVALIERS,113,PHOENIX SUNS,119
2021-02-09 02:30:00+00:00,MILWAUKEE BUCKS,125,DENVER NUGGETS,112
2021-02-09 03:00:00+00:00,OKLAHOMA CITY THUNDER,112,LOS ANGELES LAKERS,119
2021-02-10 00:00:00+00:00,BROOKLYN NETS,111,DETROIT PISTONS,122
2021-02-10 00:30:00+00:00,NEW YORK KNICKS,96,MIAMI HEAT,98
2021-02-10 00:30:00+00:00,HOUSTON ROCKETS,101,NEW ORLEANS PELICANS,130
2021-02-10 01:30:00+00:00,GOLDEN STATE WARRIORS,114,SAN ANTONIO SPURS,91
2021-02-10 03:00:00+00:00,ORLANDO MAGIC,97,PORTLAND TRAIL BLAZERS,106
2021-02-10 03:00:00+00:00,PHILADELPHIA 76ERS,119,SACRAMENTO KINGS,111
2021-02-10 03:00:00+00:00,BOSTON CELTICS,108,UTAH JAZZ,122
2021-02-11 00:00:00+00:00,TORONTO RAPTORS,137,WASHINGTON WIZARDS,115
2021-02-11 00:30:00+00:00,ATLANTA HAWKS,117,DALLAS MAVERICKS,118
2021-02-11 01:00:00+00:00,INDIANA PACERS,94,BROOKLYN NETS,104
2021-02-11 01:00:00+00:00,CHARLOTTE HORNETS,114,MEMPHIS GRIZZLIES,130
2021-02-11 01:00:00+00:00,LOS ANGELES CLIPPERS,119,MINNESOTA TIMBERWOLVES,112
2021-02-11 02:00:00+00:00,NEW ORLEANS PELICANS,116,CHICAGO BULLS,129
2021-02-11 02:00:00+00:00,CLEVELAND CAVALIERS,95,DENVER NUGGETS,133
2021-02-11 03:00:00+00:00,OKLAHOMA CITY THUNDER,113,LOS ANGELES LAKERS,114
2021-02-11 03:00:00+00:00,MILWAUKEE BUCKS,124,PHOENIX SUNS,125
2021-02-12 00:30:00+00:00,TORONTO RAPTORS,106,BOSTON CELTICS,120
2021-02-12 00:30:00+00:00,MIAMI HEAT,101,HOUSTON ROCKETS,94
2021-02-12 01:00:00+00:00,INDIANA PACERS,111,DETROIT PISTONS,95
2021-02-12 03:00:00+00:00,ORLANDO MAGIC,105,GOLDEN STATE WARRIORS,111
2021-02-12 03:00:00+00:00,PHILADELPHIA 76ERS,114,PORTLAND TRAIL BLAZERS,118
2021-02-13 00:00:00+00:00,MINNESOTA TIMBERWOLVES,114,CHARLOTTE HORNETS,120
2021-02-13 00:00:00+00:00,NEW YORK KNICKS,109,WASHINGTON WIZARDS,91
2021-02-13 00:30:00+00:00,SAN ANTONIO SPURS,125,ATLANTA HAWKS,114
2021-02-13 00:30:00+00:00,NEW ORLEANS PELICANS,130,DALLAS MAVERICKS,143
2021-02-13 01:00:00+00:00,DETROIT PISTONS,108,BOSTON CELTICS,102
2021-02-13 01:00:00+00:00,LOS ANGELES CLIPPERS,125,CHICAGO BULLS,106
2021-02-13 02:00:00+00:00,OKLAHOMA CITY THUNDER,95,DENVER NUGGETS,97
2021-02-13 02:00:00+00:00,MILWAUKEE BUCKS,115,UTAH JAZZ,129
2021-02-13 03:00:00+00:00,MEMPHIS GRIZZLIES,105,LOS ANGELES LAKERS,115
2021-02-13 03:00:00+00:00,CLEVELAND CAVALIERS,110,PORTLAND TRAIL BLAZERS,129
2021-02-13 03:00:00+00:00,ORLANDO MAGIC,123,SACRAMENTO KINGS,112
2021-02-13 20:00:00+00:00,PHILADELPHIA 76ERS,111,PHOENIX SUNS,120
2021-02-14 00:30:00+00:00,INDIANA PACERS,125,ATLANTA HAWKS,113
2021-02-14 01:00:00+00:00,HOUSTON ROCKETS,99,NEW YORK KNICKS,121
2021-02-14 01:30:00+00:00,BROOKLYN NETS,134,GOLDEN STATE WARRIORS,117
2021-02-14 02:00:00+00:00,MIAMI HEAT,94,UTAH JAZZ,112
2021-02-14 18:00:00+00:00,BOSTON CELTICS,91,WASHINGTON WIZARDS,104
2021-02-15 00:00:00+00:00,SAN ANTONIO SPURS,122,CHARLOTTE HORNETS,110
2021-02-15 00:00:00+00:00,NEW ORLEANS PELICANS,112,DETROIT PISTONS,123
2021-02-15 00:00:00+00:00,MINNESOTA TIMBERWOLVES,116,TORONTO RAPTORS,112
2021-02-15 00:30:00+00:00,PORTLAND TRAIL BLAZERS,121,DALLAS MAVERICKS,118
2021-02-15 01:00:00+00:00,MILWAUKEE BUCKS,109,OKLAHOMA CITY THUNDER,114
2021-02-15 02:00:00+00:00,ORLANDO MAGIC,90,PHOENIX SUNS,109
2021-02-15 03:00:00+00:00,LOS ANGELES LAKERS,105,DENVER NUGGETS,122
2021-02-15 03:00:00+00:00,CLEVELAND CAVALIERS,111,LOS ANGELES CLIPPERS,128
2021-02-15 03:00:00+00:00,MEMPHIS GRIZZLIES,124,SACRAMENTO KINGS,110
2021-02-16 00:00:00+00:00,CHICAGO BULLS,120,INDIANA PACERS,112
2021-02-16 00:00:00+00:00,HOUSTON ROCKETS,119,WASHINGTON WIZARDS,131
2021-02-16 00:30:00+00:00,ATLANTA HAWKS,112,NEW YORK KNICKS,123
2021-02-16 02:00:00+00:00,PHILADELPHIA 76ERS,123,UTAH JAZZ,134
2021-02-16 03:00:00+00:00,CLEVELAND CAVALIERS,98,GOLDEN STATE WARRIORS,129
2021-02-16 03:00:00+00:00,MIAMI HEAT,118,LOS ANGELES CLIPPERS,125
2021-02-16 03:00:00+00:00,BROOKLYN NETS,136,SACRAMENTO KINGS,125
2021-02-17 00:00:00+00:00,DENVER NUGGETS,99,BOSTON CELTICS,112
2021-02-17 01:00:00+00:00,NEW ORLEANS PELICANS,144,MEMPHIS GRIZZLIES,113
2021-02-17 01:00:00+00:00,TORONTO RAPTORS,124,MILWAUKEE BUCKS,113
2021-02-17 01:00:00+00:00,LOS ANGELES LAKERS,112,MINNESOTA TIMBERWOLVES,104
2021-02-17 01:00:00+00:00,PORTLAND TRAIL BLAZERS,115,OKLAHOMA CITY THUNDER,104
2021-02-17 03:30:00+00:00,BROOKLYN NETS,128,PHOENIX SUNS,124
2021-02-18 00:00:00+00:00,NEW YORK KNICKS,89,ORLANDO MAGIC,107
2021-02-18 00:30:00+00:00,ATLANTA HAWKS,122,BOSTON CELTICS,114
2021-02-18 00:30:00+00:00,HOUSTON ROCKETS,113,PHILADELPHIA 76ERS,118
2021-02-18 01:00:00+00:00,DETROIT PISTONS,102,CHICAGO BULLS,105
2021-02-18 01:00:00+00:00,INDIANA PACERS,134,MINNESOTA TIMBERWOLVES,128
2021-02-18 01:00:00+00:00,DENVER NUGGETS,128,WASHINGTON WIZARDS,130
2021-02-18 02:00:00+00:00,OKLAHOMA CITY THUNDER,113,MEMPHIS GRIZZLIES,122
2021-02-18 02:00:00+00:00,PORTLAND TRAIL BLAZERS,126,NEW ORLEANS PELICANS,124
2021-02-18 03:00:00+00:00,MIAMI HEAT,112,GOLDEN STATE WARRIORS,120
2021-02-18 03:00:00+00:00,UTAH JAZZ,114,LOS ANGELES CLIPPERS,96
2021-02-19 00:30:00+00:00,TORONTO RAPTORS,110,MILWAUKEE BUCKS,96
2021-02-19 03:00:00+00:00,BROOKLYN NETS,109,LOS ANGELES LAKERS,98
2021-02-19 03:00:00+00:00,MIAMI HEAT,118,SACRAMENTO KINGS,110
2021-02-20 00:00:00+00:00,DENVER NUGGETS,120,CLEVELAND CAVALIERS,103
2021-02-20 00:00:00+00:00,GOLDEN STATE WARRIORS,120,ORLANDO MAGIC,124
2021-02-20 00:30:00+00:00,ATLANTA HAWKS,109,BOSTON CELTICS,121
2021-02-20 00:30:00+00:00,CHICAGO BULLS,105,PHILADELPHIA 76ERS,112
2021-02-20 01:00:00+00:00,DETROIT PISTONS,95,MEMPHIS GRIZZLIES,109
2021-02-20 01:00:00+00:00,OKLAHOMA CITY THUNDER,85,MILWAUKEE BUCKS,98
2021-02-20 01:00:00+00:00,PHOENIX SUNS,132,NEW ORLEANS PELICANS,114
2021-02-20 02:00:00+00:00,TORONTO RAPTORS,86,MINNESOTA TIMBERWOLVES,81
2021-02-20 03:00:00+00:00,UTAH JAZZ,112,LOS ANGELES CLIPPERS,116
2021-02-21 01:00:00+00:00,GOLDEN STATE WARRIORS,100,CHARLOTTE HORNETS,102
2021-02-21 01:30:00+00:00,MIAMI HEAT,96,LOS ANGELES LAKERS,94
2021-02-21 02:00:00+00:00,SACRAMENTO KINGS,114,CHICAGO BULLS,122
2021-02-21 02:00:00+00:00,PHOENIX SUNS,128,MEMPHIS GRIZZLIES,97
2021-02-21 03:00:00+00:00,WASHINGTON WIZARDS,118,PORTLAND TRAIL BLAZERS,111
2021-02-21 20:30:00+00:00,BOSTON CELTICS,115,NEW ORLEANS PELICANS,120
2021-02-22 00:00:00+00:00,OKLAHOMA CITY THUNDER,117,CLEVELAND CAVALIERS,101
2021-02-22 00:00:00+00:00,MINNESOTA TIMBERWOLVES,99,NEW YORK KNICKS,103
2021-02-22 00:00:00+00:00,DETROIT PISTONS,96,ORLANDO MAGIC,105
2021-02-22 00:00:00+00:00,PHILADELPHIA 76ERS,103,TORONTO RAPTORS,110
2021-02-22 00:30:00+00:00,DENVER NUGGETS,115,ATLANTA HAWKS,123
2021-02-22 01:00:00+00:00,BROOKLYN NETS,112,LOS ANGELES CLIPPERS,108
2021-02-22 02:00:00+00:00,SACRAMENTO KINGS,115,MILWAUKEE BUCKS,128
2021-02-23 01:00:00+00:00,CHICAGO BULLS,120,HOUSTON ROCKETS,100
2021-02-23 01:30:00+00:00,MEMPHIS GRIZZLIES,92,DALLAS MAVERICKS,102
2021-02-23 02:00:00+00:00,MIAMI HEAT,108,OKLAHOMA CITY THUNDER,94
2021-02-23 02:00:00+00:00,PORTLAND TRAIL BLAZERS,100,PHOENIX SUNS,132
2021-02-23 02:00:00+00:00,CHARLOTTE HORNETS,110,UTAH JAZZ,132
2021-02-23 03:00:00+00:00,WASHINGTON WIZARDS,127,LOS ANGELES LAKERS,124
2021-02-24 00:00:00+00:00,ATLANTA HAWKS,111,CLEVELAND CAVALIERS,112
2021-02-24 00:00:00+00:00,DETROIT PISTONS,105,ORLANDO MAGIC,93
2021-02-24 00:30:00+00:00,SACRAMENTO KINGS,118,BROOKLYN NETS,127
2021-02-24 00:30:00+00:00,BOSTON CELTICS,107,DALLAS MAVERICKS,110
2021-02-24 00:30:00+00:00,GOLDEN STATE WARRIORS,114,NEW YORK KNICKS,106
2021-02-24 00:30:00+00:00,PHILADELPHIA 76ERS,109,TORONTO RAPTORS,102
2021-02-24 01:00:00+00:00,MINNESOTA TIMBERWOLVES,112,MILWAUKEE BUCKS,139
2021-02-24 03:00:00+00:00,PORTLAND TRAIL BLAZERS,106,DENVER NUGGETS,111
2021-02-24 03:00:00+00:00,WASHINGTON WIZARDS,116,LOS ANGELES CLIPPERS,135
2021-02-25 00:30:00+00:00,BOSTON CELTICS,112,ATLANTA HAWKS,127
2021-02-25 00:30:00+00:00,HOUSTON ROCKETS,96,CLEVELAND CAVALIERS,112
2021-02-25 00:30:00+00:00,GOLDEN STATE WARRIORS,111,INDIANA PACERS,107
2021-02-25 01:00:00+00:00,MINNESOTA TIMBERWOLVES,126,CHICAGO BULLS,133
2021-02-25 01:00:00+00:00,TORONTO RAPTORS,108,MIAMI HEAT,116
2021-02-25 01:00:00+00:00,DETROIT PISTONS,118,NEW ORLEANS PELICANS,128
2021-02-25 01:00:00+00:00,SAN ANTONIO SPURS,99,OKLAHOMA CITY THUNDER,102
2021-02-25 02:00:00+00:00,CHARLOTTE HORNETS,124,PHOENIX SUNS,121
2021-02-25 03:00:00+00:00,LOS ANGELES LAKERS,89,UTAH JAZZ,114
2021-02-26 00:00:00+00:00,DALLAS MAVERICKS,97,PHILADELPHIA 76ERS,111
2021-02-26 00:30:00+00:00,ORLANDO MAGIC,92,BROOKLYN NETS,129
2021-02-26 00:30:00+00:00,SACRAMENTO KINGS,121,NEW YORK KNICKS,140
2021-02-26 01:00:00+00:00,LOS ANGELES CLIPPERS,94,MEMPHIS GRIZZLIES,122
2021-02-26 02:00:00+00:00,WASHINGTON WIZARDS,112,DENVER NUGGETS,110
2021-02-26 02:30:00+00:00,NEW ORLEANS PELICANS,125,MILWAUKEE BUCKS,129
2021-02-27 00:30:00+00:00,INDIANA PACERS,112,BOSTON CELTICS,118
2021-02-27 00:30:00+00:00,HOUSTON ROCKETS,111,TORONTO RAPTORS,122
2021-02-27 01:00:00+00:00,PHOENIX SUNS,106,CHICAGO BULLS,97
2021-02-27 01:00:00+00:00,SACRAMENTO KINGS,110,DETROIT PISTONS,107
2021-02-27 01:00:00+00:00,LOS ANGELES CLIPPERS,119,MEMPHIS GRIZZLIES,99
2021-02-27 01:00:00+00:00,UTAH JAZZ,116,MIAMI HEAT,124
2021-02-27 01:00:00+00:00,ATLANTA HAWKS,109,OKLAHOMA CITY THUNDER,118
2021-02-27 03:00:00+00:00,CHARLOTTE HORNETS,121,GOLDEN STATE WARRIORS,130
2021-02-27 03:00:00+00:00,PORTLAND TRAIL BLAZERS,93,LOS ANGELES LAKERS,102
2021-02-28 00:00:00+00:00,CLEVELAND CAVALIERS,112,PHILADELPHIA 76ERS,109
2021-02-28 00:00:00+00:00,MINNESOTA TIMBERWOLVES,112,WASHINGTON WIZARDS,128
2021-02-28 01:00:00+00:00,INDIANA PACERS,107,NEW YORK KNICKS,110
2021-02-28 01:00:00+00:00,DENVER NUGGETS,126,OKLAHOMA CITY THUNDER,96
2021-02-28 01:00:00+00:00,UTAH JAZZ,124,ORLANDO MAGIC,109
2021-02-28 01:00:00+00:00,NEW ORLEANS PELICANS,114,SAN ANTONIO SPURS,117
2021-02-28 01:30:00+00:00,DALLAS MAVERICKS,115,BROOKLYN NETS,98
2021-02-28 20:30:00+00:00,LOS ANGELES CLIPPERS,100,MILWAUKEE BUCKS,105
2021-03-01 00:00:00+00:00,WASHINGTON WIZARDS,110,BOSTON CELTICS,111
2021-03-01 01:00:00+00:00,NEW YORK KNICKS,109,DETROIT PISTONS,90
2021-03-01 01:00:00+00:00,MEMPHIS GRIZZLIES,133,HOUSTON ROCKETS,84
2021-03-01 01:00:00+00:00,GOLDEN STATE WARRIORS,91,LOS ANGELES LAKERS,117
2021-03-01 01:00:00+00:00,ATLANTA HAWKS,99,MIAMI HEAT,109
2021-03-01 02:00:00+00:00,PHOENIX SUNS,118,MINNESOTA TIMBERWOLVES,99
2021-03-01 03:00:00+00:00,CHARLOTTE HORNETS,127,SACRAMENTO KINGS,126
2021-03-02 00:00:00+00:00,DALLAS MAVERICKS,130,ORLANDO MAGIC,124
2021-03-02 00:00:00+00:00,INDIANA PACERS,114,PHILADELPHIA 76ERS,130
2021-03-02 01:00:00+00:00,DENVER NUGGETS,118,CHICAGO BULLS,112
2021-03-02 01:00:00+00:00,UTAH JAZZ,124,NEW ORLEANS PELICANS,129
2021-03-02 01:30:00+00:00,BROOKLYN NETS,124,SAN ANTONIO SPURS,113
2021-03-02 02:00:00+00:00,CLEVELAND CAVALIERS,101,HOUSTON ROCKETS,90
2021-03-02 03:30:00+00:00,CHARLOTTE HORNETS,111,PORTLAND TRAIL BLAZERS,123
2021-03-03 00:00:00+00:00,MEMPHIS GRIZZLIES,125,WASHINGTON WIZARDS,111
2021-03-03 00:30:00+00:00,LOS ANGELES CLIPPERS,112,BOSTON CELTICS,117
2021-03-03 00:30:00+00:00,ATLANTA HAWKS,94,MIAMI HEAT,80
2021-03-03 01:30:00+00:00,NEW YORK KNICKS,93,SAN ANTONIO SPURS,119
2021-03-03 02:00:00+00:00,DENVER NUGGETS,128,MILWAUKEE BUCKS,97
2021-03-03 03:00:00+00:00,PHOENIX SUNS,114,LOS ANGELES LAKERS,104
2021-03-04 00:00:00+00:00,INDIANA PACERS,114,CLEVELAND CAVALIERS,111
2021-03-04 00:00:00+00:00,UTAH JAZZ,123,PHILADELPHIA 76ERS,131
2021-03-04 00:00:00+00:00,DETROIT PISTONS,129,TORONTO RAPTORS,105
2021-03-04 00:30:00+00:00,BROOKLYN NETS,132,HOUSTON ROCKETS,114
2021-03-04 01:00:00+00:00,CHARLOTTE HORNETS,135,MINNESOTA TIMBERWOLVES,102
2021-03-04 01:00:00+00:00,CHICAGO BULLS,128,NEW ORLEANS PELICANS,124
2021-03-04 01:00:00+00:00,ATLANTA HAWKS,115,ORLANDO MAGIC,112
2021-03-04 01:30:00+00:00,OKLAHOMA CITY THUNDER,78,DALLAS MAVERICKS,87
2021-03-04 03:00:00+00:00,GOLDEN STATE WARRIORS,106,PORTLAND TRAIL BLAZERS,108
2021-03-04 03:00:00+00:00,LOS ANGELES LAKERS,120,SACRAMENTO KINGS,123
2021-03-05 00:00:00+00:00,TORONTO RAPTORS,125,BOSTON CELTICS,132
2021-03-05 00:00:00+00:00,LOS ANGELES CLIPPERS,117,WASHINGTON WIZARDS,119
2021-03-05 00:30:00+00:00,DETROIT PISTONS,104,NEW YORK KNICKS,114
2021-03-05 01:00:00+00:00,DENVER NUGGETS,113,INDIANA PACERS,103
2021-03-05 01:00:00+00:00,MILWAUKEE BUCKS,112,MEMPHIS GRIZZLIES,111
2021-03-05 01:30:00+00:00,MIAMI HEAT,103,NEW ORLEANS PELICANS,93
2021-03-05 02:00:00+00:00,OKLAHOMA CITY THUNDER,107,SAN ANTONIO SPURS,102
2021-03-05 03:00:00+00:00,GOLDEN STATE WARRIORS,98,PHOENIX SUNS,120
2021-03-05 03:00:00+00:00,SACRAMENTO KINGS,119,PORTLAND TRAIL BLAZERS,123
2021-03-11 01:00:00+00:00,WASHINGTON WIZARDS,112,MEMPHIS GRIZZLIES,127
2021-03-11 01:30:00+00:00,SAN ANTONIO SPURS,104,DALLAS MAVERICKS,115
2021-03-12 00:00:00+00:00,DETROIT PISTONS,102,CHARLOTTE HORNETS,105
2021-03-12 00:30:00+00:00,BOSTON CELTICS,109,BROOKLYN NETS,121
2021-03-12 00:30:00+00:00,ATLANTA HAWKS,121,TORONTO RAPTORS,120
2021-03-12 01:00:00+00:00,PHILADELPHIA 76ERS,127,CHICAGO BULLS,105
2021-03-12 01:00:00+00:00,ORLANDO MAGIC,103,MIAMI HEAT,111
2021-03-12 01:00:00+00:00,NEW YORK KNICKS,101,MILWAUKEE BUCKS,134
2021-03-12 01:00:00+00:00,MINNESOTA TIMBERWOLVES,135,NEW ORLEANS PELICANS,105
2021-03-12 02:00:00+00:00,DALLAS MAVERICKS,108,OKLAHOMA CITY THUNDER,116
2021-03-12 03:00:00+00:00,GOLDEN STATE WARRIORS,104,LOS ANGELES CLIPPERS,130
2021-03-12 03:00:00+00:00,PHOENIX SUNS,127,PORTLAND TRAIL BLAZERS,121
2021-03-12 03:00:00+00:00,HOUSTON ROCKETS,105,SACRAMENTO KINGS,125
2021-03-13 01:00:00+00:00,DENVER NUGGETS,103,MEMPHIS GRIZZLIES,102
2021-03-13 01:00:00+00:00,CLEVELAND CAVALIERS,82,NEW ORLEANS PELICANS,116
2021-03-13 01:00:00+00:00,PHILADELPHIA 76ERS,127,WASHINGTON WIZARDS,101
2021-03-13 02:00:00+00:00,MIAMI HEAT,101,CHICAGO BULLS,90
2021-03-13 02:00:00+00:00,ORLANDO MAGIC,77,SAN ANTONIO SPURS,104
2021-03-13 03:00:00+00:00,HOUSTON ROCKETS,99,UTAH JAZZ,114
2021-03-13 03:30:00+00:00,INDIANA PACERS,100,LOS ANGELES LAKERS,105
2021-03-13 19:00:00+00:00,NEW YORK KNICKS,119,OKLAHOMA CITY THUNDER,97
2021-03-14 00:00:00+00:00,DETROIT PISTONS,95,BROOKLYN NETS,100
2021-03-14 00:00:00+00:00,TORONTO RAPTORS,104,CHARLOTTE HORNETS,114
2021-03-14 00:00:00+00:00,MILWAUKEE BUCKS,125,WASHINGTON WIZARDS,119
2021-03-14 00:30:00+00:00,SACRAMENTO KINGS,106,ATLANTA HAWKS,121
2021-03-14 01:00:00+00:00,PORTLAND TRAIL BLAZERS,125,MINNESOTA TIMBERWOLVES,121
2021-03-14 03:00:00+00:00,DALLAS MAVERICKS,116,DENVER NUGGETS,103
2021-03-14 03:00:00+00:00,INDIANA PACERS,122,PHOENIX SUNS,111
2021-03-14 18:00:00+00:00,MEMPHIS GRIZZLIES,122,OKLAHOMA CITY THUNDER,128
2021-03-14 20:00:00+00:00,UTAH JAZZ,119,GOLDEN STATE WARRIORS,131
2021-03-14 22:30:00+00:00,SAN ANTONIO SPURS,99,PHILADELPHIA 76ERS,134
2021-03-14 23:00:00+00:00,MIAMI HEAT,102,ORLANDO MAGIC,97
2021-03-14 23:30:00+00:00,CLEVELAND CAVALIERS,82,ATLANTA HAWKS,100
2021-03-15 00:00:00+00:00,BOSTON CELTICS,134,HOUSTON ROCKETS,107
2021-03-15 00:00:00+00:00,PORTLAND TRAIL BLAZERS,112,MINNESOTA TIMBERWOLVES,114
2021-03-15 01:00:00+00:00,TORONTO RAPTORS,95,CHICAGO BULLS,118
2021-03-15 01:00:00+00:00,LOS ANGELES CLIPPERS,115,NEW ORLEANS PELICANS,135
2021-03-15 23:00:00+00:00,SACRAMENTO KINGS,116,CHARLOTTE HORNETS,122
2021-03-15 23:00:00+00:00,MILWAUKEE BUCKS,133,WASHINGTON WIZARDS,122
2021-03-16 00:00:00+00:00,NEW YORK KNICKS,112,BROOKLYN NETS,117
2021-03-16 00:00:00+00:00,SAN ANTONIO SPURS,109,DETROIT PISTONS,99
2021-03-16 01:00:00+00:00,LOS ANGELES CLIPPERS,109,DALLAS MAVERICKS,99
2021-03-16 02:00:00+00:00,INDIANA PACERS,106,DENVER NUGGETS,121
2021-03-16 02:00:00+00:00,MEMPHIS GRIZZLIES,99,PHOENIX SUNS,122
2021-03-16 02:30:00+00:00,LOS ANGELES LAKERS,128,GOLDEN STATE WARRIORS,97
2021-03-16 23:30:00+00:00,UTAH JAZZ,117,BOSTON CELTICS,109
2021-03-17 00:00:00+00:00,OKLAHOMA CITY THUNDER,102,CHICAGO BULLS,123
2021-03-17 00:00:00+00:00,ATLANTA HAWKS,119,HOUSTON ROCKETS,107
2021-03-17 00:00:00+00:00,CLEVELAND CAVALIERS,98,MIAMI HEAT,113
2021-03-17 00:00:00+00:00,NEW YORK KNICKS,96,PHILADELPHIA 76ERS,99
2021-03-17 02:00:00+00:00,NEW ORLEANS PELICANS,124,PORTLAND TRAIL BLAZERS,125
2021-03-17 02:30:00+00:00,MINNESOTA TIMBERWOLVES,121,LOS ANGELES LAKERS,137
2021-03-17 23:00:00+00:00,TORONTO RAPTORS,112,DETROIT PISTONS,116
2021-03-17 23:00:00+00:00,BROOKLYN NETS,124,INDIANA PACERS,115
2021-03-17 23:00:00+00:00,MILWAUKEE BUCKS,109,PHILADELPHIA 76ERS,105
2021-03-17 23:00:00+00:00,SACRAMENTO KINGS,121,WASHINGTON WIZARDS,119
2021-03-18 00:00:00+00:00,SAN ANTONIO SPURS,106,CHICAGO BULLS,99
2021-03-18 00:00:00+00:00,BOSTON CELTICS,110,CLEVELAND CAVALIERS,117
2021-03-18 00:00:00+00:00,GOLDEN STATE WARRIORS,108,HOUSTON ROCKETS,94
2021-03-18 01:00:00+00:00,CHARLOTTE HORNETS,104,DENVER NUGGETS,129
2021-03-18 01:00:00+00:00,MIAMI HEAT,85,MEMPHIS GRIZZLIES,89
2021-03-18 01:30:00+00:00,LOS ANGELES CLIPPERS,89,DALLAS MAVERICKS,105
2021-03-18 23:00:00+00:00,UTAH JAZZ,122,WASHINGTON WIZARDS,131
2021-03-18 23:30:00+00:00,OKLAHOMA CITY THUNDER,93,ATLANTA HAWKS,116
2021-03-18 23:30:00+00:00,ORLANDO MAGIC,93,NEW YORK KNICKS,94
2021-03-19 02:00:00+00:00,MINNESOTA TIMBERWOLVES,123,PHOENIX SUNS,119
2021-03-19 02:00:00+00:00,NEW ORLEANS PELICANS,93,PORTLAND TRAIL BLAZERS,101
2021-03-19 02:30:00+00:00,CHARLOTTE HORNETS,105,LOS ANGELES LAKERS,116
2021-03-19 23:30:00+00:00,SACRAMENTO KINGS,107,BOSTON CELTICS,96
2021-03-19 23:30:00+00:00,SAN ANTONIO SPURS,116,CLEVELAND CAVALIERS,110
2021-03-20 00:00:00+00:00,DETROIT PISTONS,113,HOUSTON ROCKETS,100
2021-03-20 00:00:00+00:00,GOLDEN STATE WARRIORS,116,MEMPHIS GRIZZLIES,103
2021-03-20 00:00:00+00:00,INDIANA PACERS,137,MIAMI HEAT,110
2021-03-20 00:00:00+00:00,BROOKLYN NETS,113,ORLANDO MAGIC,121
2021-03-20 00:00:00+00:00,UTAH JAZZ,115,TORONTO RAPTORS,112
2021-03-20 01:00:00+00:00,CHICAGO BULLS,127,DENVER NUGGETS,131
2021-03-20 02:00:00+00:00,MINNESOTA TIMBERWOLVES,101,PHOENIX SUNS,113
2021-03-20 02:00:00+00:00,DALLAS MAVERICKS,119,PORTLAND TRAIL BLAZERS,125
2021-03-20 19:30:00+00:00,ATLANTA HAWKS,99,LOS ANGELES LAKERS,94
2021-03-21 00:00:00+00:00,GOLDEN STATE WARRIORS,103,MEMPHIS GRIZZLIES,111
2021-03-21 00:00:00+00:00,SACRAMENTO KINGS,105,PHILADELPHIA 76ERS,129
2021-03-21 01:00:00+00:00,SAN ANTONIO SPURS,113,MILWAUKEE BUCKS,120
2021-03-21 02:00:00+00:00,CHARLOTTE HORNETS,98,LOS ANGELES CLIPPERS,125
2021-03-21 17:00:00+00:00,INDIANA PACERS,109,MIAMI HEAT,106
2021-03-21 18:00:00+00:00,OKLAHOMA CITY THUNDER,114,HOUSTON ROCKETS,112
2021-03-21 19:00:00+00:00,NEW ORLEANS PELICANS,113,DENVER NUGGETS,108
2021-03-21 19:30:00+00:00,ORLANDO MAGIC,96,BOSTON CELTICS,112
2021-03-21 23:00:00+00:00,WASHINGTON WIZARDS,106,BROOKLYN NETS,113
2021-03-21 23:00:00+00:00,TORONTO RAPTORS,105,CLEVELAND CAVALIERS,116
2021-03-21 23:00:00+00:00,CHICAGO BULLS,100,DETROIT PISTONS,86
2021-03-22 00:00:00+00:00,PHILADELPHIA 76ERS,101,NEW YORK KNICKS,100
2021-03-22 02:00:00+00:00,LOS ANGELES LAKERS,94,PHOENIX SUNS,111
2021-03-22 02:00:00+00:00,DALLAS MAVERICKS,132,PORTLAND TRAIL BLAZERS,92
2021-03-22 23:30:00+00:00,SACRAMENTO KINGS,119,CLEVELAND CAVALIERS,105
2021-03-23 00:00:00+00:00,OKLAHOMA CITY THUNDER,112,MINNESOTA TIMBERWOLVES,103
2021-03-23 00:30:00+00:00,CHARLOTTE HORNETS,100,SAN ANTONIO SPURS,97
2021-03-23 01:00:00+00:00,UTAH JAZZ,120,CHICAGO BULLS,95
2021-03-23 01:00:00+00:00,TORONTO RAPTORS,99,HOUSTON ROCKETS,117
2021-03-23 01:00:00+00:00,BOSTON CELTICS,126,MEMPHIS GRIZZLIES,132
2021-03-23 01:00:00+00:00,INDIANA PACERS,113,MILWAUKEE BUCKS,140
2021-03-23 02:00:00+00:00,ATLANTA HAWKS,110,LOS ANGELES CLIPPERS,119
2021-03-23 23:00:00+00:00,DENVER NUGGETS,110,ORLANDO MAGIC,99
2021-03-23 23:30:00+00:00,LOS ANGELES LAKERS,111,NEW ORLEANS PELICANS,128
2021-03-23 23:30:00+00:00,WASHINGTON WIZARDS,113,NEW YORK KNICKS,131
2021-03-24 00:00:00+00:00,PHOENIX SUNS,110,MIAMI HEAT,100
2021-03-24 02:00:00+00:00,PHILADELPHIA 76ERS,108,GOLDEN STATE WARRIORS,98
2021-03-24 02:00:00+00:00,BROOKLYN NETS,116,PORTLAND TRAIL BLAZERS,112
2021-03-24 23:00:00+00:00,DETROIT PISTONS,111,INDIANA PACERS,116
2021-03-24 23:30:00+00:00,BOSTON CELTICS,119,MILWAUKEE BUCKS,121
2021-03-24 23:30:00+00:00,DENVER NUGGETS,111,TORONTO RAPTORS,135
2021-03-25 00:00:00+00:00,CLEVELAND CAVALIERS,103,CHICAGO BULLS,94
2021-03-25 00:00:00+00:00,CHARLOTTE HORNETS,122,HOUSTON ROCKETS,97
2021-03-25 00:00:00+00:00,DALLAS MAVERICKS,128,MINNESOTA TIMBERWOLVES,108
2021-03-25 00:00:00+00:00,MEMPHIS GRIZZLIES,116,OKLAHOMA CITY THUNDER,107
2021-03-25 00:00:00+00:00,PHOENIX SUNS,111,ORLANDO MAGIC,112
2021-03-25 00:30:00+00:00,LOS ANGELES CLIPPERS,134,SAN ANTONIO SPURS,101
2021-03-25 02:00:00+00:00,ATLANTA HAWKS,108,SACRAMENTO KINGS,110
2021-03-25 02:00:00+00:00,BROOKLYN NETS,88,UTAH JAZZ,118
2021-03-25 23:30:00+00:00,PORTLAND TRAIL BLAZERS,125,MIAMI HEAT,122
2021-03-25 23:30:00+00:00,WASHINGTON WIZARDS,102,NEW YORK KNICKS,106
2021-03-26 00:30:00+00:00,LOS ANGELES CLIPPERS,98,SAN ANTONIO SPURS,85
2021-03-26 02:00:00+00:00,PHILADELPHIA 76ERS,109,LOS ANGELES LAKERS,101
2021-03-26 02:00:00+00:00,GOLDEN STATE WARRIORS,119,SACRAMENTO KINGS,141
2021-03-26 23:00:00+00:00,BROOKLYN NETS,113,DETROIT PISTONS,111
2021-03-26 23:30:00+00:00,BOSTON CELTICS,122,MILWAUKEE BUCKS,114
2021-03-26 23:30:00+00:00,PHOENIX SUNS,104,TORONTO RAPTORS,100
2021-03-27 00:00:00+00:00,MIAMI HEAT,105,CHARLOTTE HORNETS,110
2021-03-27 00:00:00+00:00,HOUSTON ROCKETS,101,MINNESOTA TIMBERWOLVES,107
2021-03-27 00:00:00+00:00,DENVER NUGGETS,113,NEW ORLEANS PELICANS,108
2021-03-27 00:00:00+00:00,PORTLAND TRAIL BLAZERS,112,ORLANDO MAGIC,105
2021-03-27 00:30:00+00:00,INDIANA PACERS,109,DALLAS MAVERICKS,94
2021-03-27 01:00:00+00:00,MEMPHIS GRIZZLIES,114,UTAH JAZZ,117
2021-03-27 02:00:00+00:00,ATLANTA HAWKS,124,GOLDEN STATE WARRIORS,108
2021-03-27 02:30:00+00:00,CLEVELAND CAVALIERS,86,LOS ANGELES LAKERS,100
2021-03-28 00:00:00+00:00,NEW YORK KNICKS,102,MILWAUKEE BUCKS,96
2021-03-28 00:00:00+00:00,HOUSTON ROCKETS,129,MINNESOTA TIMBERWOLVES,107
2021-03-28 00:00:00+00:00,DETROIT PISTONS,92,WASHINGTON WIZARDS,106
2021-03-28 00:30:00+00:00,CHICAGO BULLS,104,SAN ANTONIO SPURS,120
2021-03-28 01:00:00+00:00,DALLAS MAVERICKS,103,NEW ORLEANS PELICANS,112
2021-03-28 01:00:00+00:00,BOSTON CELTICS,111,OKLAHOMA CITY THUNDER,94
2021-03-28 01:00:00+00:00,MEMPHIS GRIZZLIES,110,UTAH JAZZ,126
2021-03-28 02:00:00+00:00,PHILADELPHIA 76ERS,112,LOS ANGELES CLIPPERS,122
2021-03-28 02:00:00+00:00,CLEVELAND CAVALIERS,98,SACRAMENTO KINGS,100
2021-03-28 17:00:00+00:00,PHOENIX SUNS,101,CHARLOTTE HORNETS,97
2021-03-28 23:00:00+00:00,PORTLAND TRAIL BLAZERS,122,TORONTO RAPTORS,117
2021-03-29 01:00:00+00:00,ATLANTA HAWKS,102,DENVER NUGGETS,126
2021-03-29 02:00:00+00:00,ORLANDO MAGIC,93,LOS ANGELES LAKERS,96
2021-03-29 23:00:00+00:00,INDIANA PACERS,124,WASHINGTON WIZARDS,132
2021-03-29 23:30:00+00:00,NEW ORLEANS PELICANS,115,BOSTON CELTICS,109
2021-03-29 23:30:00+00:00,MINNESOTA TIMBERWOLVES,107,BROOKLYN NETS,112
2021-03-29 23:30:00+00:00,MIAMI HEAT,98,NEW YORK KNICKS,88
2021-03-30 00:00:00+00:00,TORONTO RAPTORS,104,DETROIT PISTONS,118
2021-03-30 00:00:00+00:00,MEMPHIS GRIZZLIES,120,HOUSTON ROCKETS,110
2021-03-30 00:00:00+00:00,DALLAS MAVERICKS,127,OKLAHOMA CITY THUNDER,106
2021-03-30 00:30:00+00:00,SACRAMENTO KINGS,132,SAN ANTONIO SPURS,115
2021-03-30 01:00:00+00:00,CLEVELAND CAVALIERS,75,UTAH JAZZ,114
2021-03-30 02:00:00+00:00,CHICAGO BULLS,102,GOLDEN STATE WARRIORS,116
2021-03-30 02:00:00+00:00,MILWAUKEE BUCKS,105,LOS ANGELES CLIPPERS,129
2021-03-30 23:00:00+00:00,CHARLOTTE HORNETS,114,WASHINGTON WIZARDS,104
2021-03-31 01:00:00+00:00,PHILADELPHIA 76ERS,95,DENVER NUGGETS,104
2021-03-31 02:00:00+00:00,ORLANDO MAGIC,103,LOS ANGELES CLIPPERS,96
2021-03-31 02:00:00+00:00,ATLANTA HAWKS,110,PHOENIX SUNS,117
2021-03-31 23:00:00+00:00,PORTLAND TRAIL BLAZERS,124,DETROIT PISTONS,101
2021-03-31 23:00:00+00:00,MIAMI HEAT,92,INDIANA PACERS,87
2021-03-31 23:30:00+00:00,DALLAS MAVERICKS,113,BOSTON CELTICS,108
2021-03-31 23:30:00+00:00,HOUSTON ROCKETS,108,BROOKLYN NETS,120
2021-04-01 00:00:00+00:00,UTAH JAZZ,111,MEMPHIS GRIZZLIES,107
2021-04-01 00:00:00+00:00,NEW YORK KNICKS,101,MINNESOTA TIMBERWOLVES,102
2021-04-01 00:00:00+00:00,TORONTO RAPTORS,103,OKLAHOMA CITY THUNDER,113
2021-04-01 00:30:00+00:00,SACRAMENTO KINGS,106,SAN ANTONIO SPURS,120
2021-04-01 02:00:00+00:00,MILWAUKEE BUCKS,112,LOS ANGELES LAKERS,97
2021-04-01 02:00:00+00:00,CHICAGO BULLS,116,PHOENIX SUNS,121
2021-04-01 23:00:00+00:00,PHILADELPHIA 76ERS,114,CLEVELAND CAVALIERS,94
2021-04-01 23:00:00+00:00,WASHINGTON WIZARDS,91,DETROIT PISTONS,120
2021-04-01 23:30:00+00:00,CHARLOTTE HORNETS,89,BROOKLYN NETS,111
2021-04-02 00:00:00+00:00,GOLDEN STATE WARRIORS,109,MIAMI HEAT,116
2021-04-02 00:00:00+00:00,ORLANDO MAGIC,115,NEW ORLEANS PELICANS,110
2021-04-02 00:30:00+00:00,ATLANTA HAWKS,134,SAN ANTONIO SPURS,129
2021-04-02 02:00:00+00:00,DENVER NUGGETS,101,LOS ANGELES CLIPPERS,94
2021-04-02 23:00:00+00:00,GOLDEN STATE WARRIORS,77,TORONTO RAPTORS,130
2021-04-02 23:30:00+00:00,HOUSTON ROCKETS,102,BOSTON CELTICS,118
2021-04-02 23:30:00+00:00,DALLAS MAVERICKS,99,NEW YORK KNICKS,86
2021-04-03 00:00:00+00:00,CHARLOTTE HORNETS,114,INDIANA PACERS,97
2021-04-03 00:00:00+00:00,MINNESOTA TIMBERWOLVES,108,MEMPHIS GRIZZLIES,120
2021-04-03 01:00:00+00:00,ATLANTA HAWKS,126,NEW ORLEANS PELICANS,103
2021-04-03 01:00:00+00:00,CHICAGO BULLS,106,UTAH JAZZ,113
2021-04-03 02:00:00+00:00,OKLAHOMA CITY THUNDER,103,PHOENIX SUNS,140
2021-04-03 02:00:00+00:00,MILWAUKEE BUCKS,127,PORTLAND TRAIL BLAZERS,109
2021-04-03 02:00:00+00:00,LOS ANGELES LAKERS,115,SACRAMENTO KINGS,94
2021-04-03 23:00:00+00:00,DALLAS MAVERICKS,109,WASHINGTON WIZARDS,87
2021-04-04 00:00:00+00:00,NEW YORK KNICKS,125,DETROIT PISTONS,81
2021-04-04 00:00:00+00:00,CLEVELAND CAVALIERS,101,MIAMI HEAT,115
2021-04-04 00:00:00+00:00,MINNESOTA TIMBERWOLVES,113,PHILADELPHIA 76ERS,122
2021-04-04 01:00:00+00:00,INDIANA PACERS,139,SAN ANTONIO SPURS,133
2021-04-04 01:00:00+00:00,ORLANDO MAGIC,91,UTAH JAZZ,137
2021-04-04 02:00:00+00:00,OKLAHOMA CITY THUNDER,85,PORTLAND TRAIL BLAZERS,133
2021-04-04 02:00:00+00:00,MILWAUKEE BUCKS,129,SACRAMENTO KINGS,128
2021-04-04 18:00:00+00:00,BROOKLYN NETS,107,CHICAGO BULLS,115
2021-04-04 19:30:00+00:00,LOS ANGELES LAKERS,86,LOS ANGELES CLIPPERS,104
2021-04-04 22:00:00+00:00,CHARLOTTE HORNETS,86,BOSTON CELTICS,116
2021-04-04 23:00:00+00:00,MEMPHIS GRIZZLIES,116,PHILADELPHIA 76ERS,100
2021-04-04 23:30:00+00:00,GOLDEN STATE WARRIORS,111,ATLANTA HAWKS,117
2021-04-05 00:00:00+00:00,NEW ORLEANS PELICANS,122,HOUSTON ROCKETS,115
2021-04-05 02:00:00+00:00,ORLANDO MAGIC,109,DENVER NUGGETS,119
2021-04-05 23:00:00+00:00,NEW YORK KNICKS,112,BROOKLYN NETS,114
2021-04-05 23:00:00+00:00,UTAH JAZZ,103,DALLAS MAVERICKS,111
2021-04-05 23:00:00+00:00,SACRAMENTO KINGS,106,MINNESOTA TIMBERWOLVES,116
2021-04-05 23:00:00+00:00,DETROIT PISTONS,132,OKLAHOMA CITY THUNDER,108
2021-04-05 23:00:00+00:00,CLEVELAND CAVALIERS,125,SAN ANTONIO SPURS,101
2021-04-05 23:00:00+00:00,WASHINGTON WIZARDS,101,TORONTO RAPTORS,103
2021-04-06 00:00:00+00:00,PHOENIX SUNS,133,HOUSTON ROCKETS,130
2021-04-06 23:00:00+00:00,CHICAGO BULLS,113,INDIANA PACERS,97
2021-04-06 23:30:00+00:00,NEW ORLEANS PELICANS,107,ATLANTA HAWKS,123
2021-04-06 23:30:00+00:00,PHILADELPHIA 76ERS,106,BOSTON CELTICS,96
2021-04-06 23:30:00+00:00,LOS ANGELES LAKERS,110,TORONTO RAPTORS,101
2021-04-07 00:00:00+00:00,MEMPHIS GRIZZLIES,124,MIAMI HEAT,112
2021-04-07 01:00:00+00:00,DETROIT PISTONS,119,DENVER NUGGETS,134
2021-04-07 02:00:00+00:00,MILWAUKEE BUCKS,121,GOLDEN STATE WARRIORS,122
2021-04-07 02:00:00+00:00,PORTLAND TRAIL BLAZERS,116,LOS ANGELES CLIPPERS,133
2021-04-07 23:00:00+00:00,MINNESOTA TIMBERWOLVES,137,INDIANA PACERS,141
2021-04-07 23:00:00+00:00,WASHINGTON WIZARDS,131,ORLANDO MAGIC,116
2021-04-07 23:30:00+00:00,NEW YORK KNICKS,99,BOSTON CELTICS,101
2021-04-07 23:30:00+00:00,NEW ORLEANS PELICANS,111,BROOKLYN NETS,139
2021-04-08 00:00:00+00:00,MEMPHIS GRIZZLIES,131,ATLANTA HAWKS,113
2021-04-08 00:00:00+00:00,DALLAS MAVERICKS,93,HOUSTON ROCKETS,102
2021-04-08 00:00:00+00:00,CHARLOTTE HORNETS,113,OKLAHOMA CITY THUNDER,102
2021-04-08 01:00:00+00:00,SAN ANTONIO SPURS,96,DENVER NUGGETS,106
2021-04-08 02:00:00+00:00,UTAH JAZZ,113,PHOENIX SUNS,117
2021-04-08 23:30:00+00:00,LOS ANGELES LAKERS,104,MIAMI HEAT,110
2021-04-08 23:30:00+00:00,CHICAGO BULLS,122,TORONTO RAPTORS,113
2021-04-09 00:00:00+00:00,CLEVELAND CAVALIERS,129,OKLAHOMA CITY THUNDER,102
2021-04-09 01:00:00+00:00,MILWAUKEE BUCKS,101,DALLAS MAVERICKS,116
2021-04-09 02:00:00+00:00,PHOENIX SUNS,103,LOS ANGELES CLIPPERS,113
2021-04-09 02:00:00+00:00,DETROIT PISTONS,113,SACRAMENTO KINGS,101
2021-04-09 02:00:00+00:00,PORTLAND TRAIL BLAZERS,103,UTAH JAZZ,122
2021-04-09 23:00:00+00:00,INDIANA PACERS,111,ORLANDO MAGIC,106
2021-04-09 23:30:00+00:00,MINNESOTA TIMBERWOLVES,136,BOSTON CELTICS,145
2021-04-09 23:30:00+00:00,MEMPHIS GRIZZLIES,129,NEW YORK KNICKS,133
2021-04-10 00:00:00+00:00,CHICAGO BULLS,108,ATLANTA HAWKS,120
2021-04-10 00:00:00+00:00,PHILADELPHIA 76ERS,94,NEW ORLEANS PELICANS,101
2021-04-10 01:00:00+00:00,SAN ANTONIO SPURS,119,DENVER NUGGETS,121
2021-04-10 01:00:00+00:00,CHARLOTTE HORNETS,127,MILWAUKEE BUCKS,119
2021-04-10 02:00:00+00:00,WASHINGTON WIZARDS,110,GOLDEN STATE WARRIORS,107
2021-04-10 02:00:00+00:00,HOUSTON ROCKETS,109,LOS ANGELES CLIPPERS,126
2021-04-10 23:30:00+00:00,TORONTO RAPTORS,135,CLEVELAND CAVALIERS,115
2021-04-11 00:30:00+00:00,LOS ANGELES LAKERS,126,BROOKLYN NETS,101
2021-04-11 01:00:00+00:00,PHILADELPHIA 76ERS,117,OKLAHOMA CITY THUNDER,93
2021-04-11 01:00:00+00:00,SACRAMENTO KINGS,112,UTAH JAZZ,128
2021-04-11 02:00:00+00:00,HOUSTON ROCKETS,109,GOLDEN STATE WARRIORS,125
2021-04-11 02:00:00+00:00,WASHINGTON WIZARDS,106,PHOENIX SUNS,134
2021-04-11 02:00:00+00:00,DETROIT PISTONS,103,PORTLAND TRAIL BLAZERS,118
2021-04-11 17:00:00+00:00,ATLANTA HAWKS,105,CHARLOTTE HORNETS,101
2021-04-11 19:00:00+00:00,BOSTON CELTICS,105,DENVER NUGGETS,87
2021-04-11 23:00:00+00:00,NEW ORLEANS PELICANS,116,CLEVELAND CAVALIERS,109
2021-04-11 23:00:00+00:00,MILWAUKEE BUCKS,124,ORLANDO MAGIC,87
2021-04-12 00:00:00+00:00,SAN ANTONIO SPURS,119,DALLAS MAVERICKS,117
2021-04-12 00:00:00+00:00,INDIANA PACERS,132,MEMPHIS GRIZZLIES,125
2021-04-12 00:00:00+00:00,CHICAGO BULLS,117,MINNESOTA TIMBERWOLVES,121
2021-04-12 00:00:00+00:00,TORONTO RAPTORS,96,NEW YORK KNICKS,102
2021-04-12 02:00:00+00:00,DETROIT PISTONS,124,LOS ANGELES CLIPPERS,131
2021-04-12 02:00:00+00:00,MIAMI HEAT,107,PORTLAND TRAIL BLAZERS,98
2021-04-12 23:30:00+00:00,PHILADELPHIA 76ERS,113,DALLAS MAVERICKS,95
2021-04-12 23:30:00+00:00,LOS ANGELES LAKERS,96,NEW YORK KNICKS,111
2021-04-13 00:00:00+00:00,SAN ANTONIO SPURS,120,ORLANDO MAGIC,97
2021-04-13 01:00:00+00:00,CHICAGO BULLS,90,MEMPHIS GRIZZLIES,101
2021-04-13 01:00:00+00:00,SACRAMENTO KINGS,110,NEW ORLEANS PELICANS,117
2021-04-13 01:00:00+00:00,WASHINGTON WIZARDS,125,UTAH JAZZ,121
2021-04-13 02:00:00+00:00,DENVER NUGGETS,107,GOLDEN STATE WARRIORS,116
2021-04-13 02:00:00+00:00,HOUSTON ROCKETS,120,PHOENIX SUNS,126
2021-04-13 20:00:00+00:00,BROOKLYN NETS,127,MINNESOTA TIMBERWOLVES,97
2021-04-13 23:30:00+00:00,LOS ANGELES CLIPPERS,126,INDIANA PACERS,115
2021-04-13 23:30:00+00:00,ATLANTA HAWKS,108,TORONTO RAPTORS,103
2021-04-14 00:00:00+00:00,LOS ANGELES LAKERS,101,CHARLOTTE HORNETS,93
2021-04-14 01:00:00+00:00,OKLAHOMA CITY THUNDER,96,UTAH JAZZ,106
2021-04-14 02:00:00+00:00,MIAMI HEAT,86,PHOENIX SUNS,106
2021-04-14 02:00:00+00:00,BOSTON CELTICS,116,PORTLAND TRAIL BLAZERS,115
2021-04-14 20:30:00+00:00,MILWAUKEE BUCKS,130,MINNESOTA TIMBERWOLVES,105
2021-04-14 23:00:00+00:00,CLEVELAND CAVALIERS,103,CHARLOTTE HORNETS,90
2021-04-14 23:00:00+00:00,BROOKLYN NETS,117,PHILADELPHIA 76ERS,123
2021-04-14 23:30:00+00:00,SAN ANTONIO SPURS,112,TORONTO RAPTORS,117
2021-04-15 00:00:00+00:00,ORLANDO MAGIC,115,CHICAGO BULLS,106
2021-04-15 00:00:00+00:00,LOS ANGELES CLIPPERS,100,DETROIT PISTONS,98
2021-04-15 00:00:00+00:00,NEW YORK KNICKS,116,NEW ORLEANS PELICANS,106
2021-04-15 01:00:00+00:00,INDIANA PACERS,132,HOUSTON ROCKETS,124
2021-04-15 01:00:00+00:00,GOLDEN STATE WARRIORS,147,OKLAHOMA CITY THUNDER,109
2021-04-15 01:30:00+00:00,DALLAS MAVERICKS,114,MEMPHIS GRIZZLIES,113
2021-04-15 02:00:00+00:00,MIAMI HEAT,106,DENVER NUGGETS,123
2021-04-15 02:00:00+00:00,WASHINGTON WIZARDS,123,SACRAMENTO KINGS,111
2021-04-15 23:30:00+00:00,MILWAUKEE BUCKS,120,ATLANTA HAWKS,109
2021-04-16 00:00:00+00:00,GOLDEN STATE WARRIORS,119,CLEVELAND CAVALIERS,101
2021-04-16 02:00:00+00:00,BOSTON CELTICS,121,LOS ANGELES LAKERS,113
2021-04-16 02:00:00+00:00,SACRAMENTO KINGS,114,PHOENIX SUNS,122
2021-04-16 19:00:00+00:00,INDIANA PACERS,111,UTAH JAZZ,119
2021-04-16 23:00:00+00:00,OKLAHOMA CITY THUNDER,104,DETROIT PISTONS,110
2021-04-16 23:00:00+00:00,LOS ANGELES CLIPPERS,103,PHILADELPHIA 76ERS,106
2021-04-16 23:00:00+00:00,NEW ORLEANS PELICANS,115,WASHINGTON WIZARDS,117
2021-04-16 23:30:00+00:00,CHARLOTTE HORNETS,115,BROOKLYN NETS,130
2021-04-16 23:30:00+00:00,ORLANDO MAGIC,102,TORONTO RAPTORS,113
2021-04-17 00:00:00+00:00,MEMPHIS GRIZZLIES,126,CHICAGO BULLS,115
2021-04-17 00:00:00+00:00,DENVER NUGGETS,128,HOUSTON ROCKETS,99
2021-04-17 00:00:00+00:00,MIAMI HEAT,111,MINNESOTA TIMBERWOLVES,119
2021-04-17 00:30:00+00:00,PORTLAND TRAIL BLAZERS,107,SAN ANTONIO SPURS,106
2021-04-17 01:30:00+00:00,NEW YORK KNICKS,117,DALLAS MAVERICKS,109
2021-04-17 20:30:00+00:00,UTAH JAZZ,115,LOS ANGELES LAKERS,127
2021-04-18 00:00:00+00:00,CLEVELAND CAVALIERS,96,CHICAGO BULLS,106
2021-04-18 00:00:00+00:00,DETROIT PISTONS,100,WASHINGTON WIZARDS,121
2021-04-18 00:30:00+00:00,GOLDEN STATE WARRIORS,114,BOSTON CELTICS,119
2021-04-18 01:00:00+00:00,MEMPHIS GRIZZLIES,128,MILWAUKEE BUCKS,115
2021-04-18 02:00:00+00:00,SAN ANTONIO SPURS,111,PHOENIX SUNS,85
2021-04-18 17:00:00+00:00,INDIANA PACERS,117,ATLANTA HAWKS,129
2021-04-18 17:00:00+00:00,NEW ORLEANS PELICANS,112,NEW YORK KNICKS,122
2021-04-18 19:30:00+00:00,BROOKLYN NETS,107,MIAMI HEAT,109
2021-04-18 23:00:00+00:00,PORTLAND TRAIL BLAZERS,101,CHARLOTTE HORNETS,109
2021-04-18 23:00:00+00:00,HOUSTON ROCKETS,114,ORLANDO MAGIC,110
2021-04-18 23:00:00+00:00,OKLAHOMA CITY THUNDER,106,TORONTO RAPTORS,112
2021-04-18 23:30:00+00:00,SACRAMENTO KINGS,121,DALLAS MAVERICKS,107
2021-04-19 02:00:00+00:00,MINNESOTA TIMBERWOLVES,105,LOS ANGELES CLIPPERS,124
2021-04-19 23:00:00+00:00,CLEVELAND CAVALIERS,105,DETROIT PISTONS,109
2021-04-19 23:30:00+00:00,CHICAGO BULLS,102,BOSTON CELTICS,96
2021-04-19 23:30:00+00:00,GOLDEN STATE WARRIORS,107,PHILADELPHIA 76ERS,96
2021-04-20 00:00:00+00:00,SAN ANTONIO SPURS,109,INDIANA PACERS,94
2021-04-20 00:00:00+00:00,HOUSTON ROCKETS,91,MIAMI HEAT,113
2021-04-20 00:00:00+00:00,PHOENIX SUNS,128,MILWAUKEE BUCKS,127
2021-04-20 00:00:00+00:00,OKLAHOMA CITY THUNDER,107,WASHINGTON WIZARDS,119
2021-04-20 01:00:00+00:00,MEMPHIS GRIZZLIES,137,DENVER NUGGETS,139
2021-04-20 02:00:00+00:00,UTAH JAZZ,111,LOS ANGELES LAKERS,97
2021-04-20 23:30:00+00:00,ORLANDO MAGIC,96,ATLANTA HAWKS,112
2021-04-20 23:30:00+00:00,BROOKLYN NETS,134,NEW ORLEANS PELICANS,129
2021-04-20 23:30:00+00:00,CHARLOTTE HORNETS,97,NEW YORK KNICKS,109
2021-04-21 02:00:00+00:00,LOS ANGELES CLIPPERS,113,PORTLAND TRAIL BLAZERS,112
2021-04-21 02:00:00+00:00,MINNESOTA TIMBERWOLVES,134,SACRAMENTO KINGS,120
2021-04-21 23:00:00+00:00,CHICAGO BULLS,105,CLEVELAND CAVALIERS,121
2021-04-21 23:00:00+00:00,OKLAHOMA CITY THUNDER,116,INDIANA PACERS,122
2021-04-21 23:00:00+00:00,PHOENIX SUNS,116,PHILADELPHIA 76ERS,113
2021-04-21 23:00:00+00:00,BROOKLYN NETS,103,TORONTO RAPTORS,114
2021-04-21 23:00:00+00:00,GOLDEN STATE WARRIORS,114,WASHINGTON WIZARDS,118
2021-04-22 00:00:00+00:00,UTAH JAZZ,112,HOUSTON ROCKETS,89
2021-04-22 00:00:00+00:00,ATLANTA HAWKS,127,NEW YORK KNICKS,137
2021-04-22 00:30:00+00:00,DETROIT PISTONS,117,DALLAS MAVERICKS,127
2021-04-22 00:30:00+00:00,MIAMI HEAT,107,SAN ANTONIO SPURS,87
2021-04-22 02:00:00+00:00,MEMPHIS GRIZZLIES,105,LOS ANGELES CLIPPERS,117
2021-04-22 02:00:00+00:00,DENVER NUGGETS,106,PORTLAND TRAIL BLAZERS,105
2021-04-22 02:00:00+00:00,MINNESOTA TIMBERWOLVES,125,SACRAMENTO KINGS,128
2021-04-22 23:00:00+00:00,PHOENIX SUNS,86,BOSTON CELTICS,99
2021-04-22 23:00:00+00:00,PHILADELPHIA 76ERS,117,MILWAUKEE BUCKS,124
2021-04-22 23:00:00+00:00,NEW ORLEANS PELICANS,135,ORLANDO MAGIC,100
2021-04-23 00:30:00+00:00,DETROIT PISTONS,91,SAN ANTONIO SPURS,106
2021-04-23 01:00:00+00:00,CHARLOTTE HORNETS,91,CHICAGO BULLS,108
2021-04-23 01:30:00+00:00,LOS ANGELES LAKERS,110,DALLAS MAVERICKS,115
2021-04-23 23:30:00+00:00,MIAMI HEAT,103,ATLANTA HAWKS,118
2021-04-23 23:30:00+00:00,BOSTON CELTICS,104,BROOKLYN NETS,109
2021-04-24 00:00:00+00:00,CLEVELAND CAVALIERS,102,CHARLOTTE HORNETS,108
2021-04-24 00:00:00+00:00,LOS ANGELES CLIPPERS,109,HOUSTON ROCKETS,104
2021-04-24 00:00:00+00:00,WASHINGTON WIZARDS,129,OKLAHOMA CITY THUNDER,109
2021-04-24 02:00:00+00:00,DENVER NUGGETS,97,GOLDEN STATE WARRIORS,118
2021-04-24 02:00:00+00:00,MEMPHIS GRIZZLIES,130,PORTLAND TRAIL BLAZERS,128
2021-04-24 17:00:00+00:00,TORONTO RAPTORS,103,NEW YORK KNICKS,120
2021-04-24 19:30:00+00:00,PHILADELPHIA 76ERS,94,MILWAUKEE BUCKS,132
2021-04-24 23:00:00+00:00,DETROIT PISTONS,109,INDIANA PACERS,115
2021-04-25 00:00:00+00:00,CHICAGO BULLS,101,MIAMI HEAT,106
2021-04-25 00:00:00+00:00,SAN ANTONIO SPURS,110,NEW ORLEANS PELICANS,108
2021-04-25 00:30:00+00:00,LOS ANGELES LAKERS,93,DALLAS MAVERICKS,108
2021-04-25 01:00:00+00:00,MINNESOTA TIMBERWOLVES,101,UTAH JAZZ,96
2021-04-25 02:00:00+00:00,HOUSTON ROCKETS,116,DENVER NUGGETS,129
2021-04-25 17:00:00+00:00,BOSTON CELTICS,104,CHARLOTTE HORNETS,125
2021-04-25 19:30:00+00:00,PHOENIX SUNS,119,BROOKLYN NETS,128
2021-04-25 20:00:00+00:00,MEMPHIS GRIZZLIES,120,PORTLAND TRAIL BLAZERS,113
2021-04-25 23:00:00+00:00,CLEVELAND CAVALIERS,110,WASHINGTON WIZARDS,119
2021-04-25 23:30:00+00:00,MILWAUKEE BUCKS,104,ATLANTA HAWKS,111
2021-04-26 00:00:00+00:00,INDIANA PACERS,131,ORLANDO MAGIC,112
2021-04-26 02:00:00+00:00,SACRAMENTO KINGS,113,GOLDEN STATE WARRIORS,117
2021-04-26 23:00:00+00:00,ATLANTA HAWKS,86,DETROIT PISTONS,100
2021-04-26 23:00:00+00:00,LOS ANGELES LAKERS,114,ORLANDO MAGIC,103
2021-04-26 23:00:00+00:00,OKLAHOMA CITY THUNDER,90,PHILADELPHIA 76ERS,121
2021-04-26 23:00:00+00:00,SAN ANTONIO SPURS,146,WASHINGTON WIZARDS,143
2021-04-26 23:30:00+00:00,PHOENIX SUNS,118,NEW YORK KNICKS,110
2021-04-26 23:30:00+00:00,CLEVELAND CAVALIERS,96,TORONTO RAPTORS,112
2021-04-27 00:00:00+00:00,CHICAGO BULLS,110,MIAMI HEAT,102
2021-04-27 00:00:00+00:00,UTAH JAZZ,104,MINNESOTA TIMBERWOLVES,105
2021-04-27 00:00:00+00:00,LOS ANGELES CLIPPERS,103,NEW ORLEANS PELICANS,120
2021-04-27 01:00:00+00:00,MEMPHIS GRIZZLIES,96,DENVER NUGGETS,120
2021-04-27 02:00:00+00:00,DALLAS MAVERICKS,106,SACRAMENTO KINGS,113
2021-04-27 23:00:00+00:00,OKLAHOMA CITY THUNDER,119,BOSTON CELTICS,115
2021-04-27 23:00:00+00:00,MILWAUKEE BUCKS,114,CHARLOTTE HORNETS,104
2021-04-27 23:00:00+00:00,PORTLAND TRAIL BLAZERS,133,INDIANA PACERS,112
2021-04-27 23:30:00+00:00,BROOKLYN NETS,116,TORONTO RAPTORS,103
2021-04-28 01:00:00+00:00,MINNESOTA TIMBERWOLVES,114,HOUSTON ROCKETS,107
2021-04-28 01:30:00+00:00,DALLAS MAVERICKS,133,GOLDEN STATE WARRIORS,103
2021-04-28 23:00:00+00:00,ORLANDO MAGIC,109,CLEVELAND CAVALIERS,104
2021-04-28 23:00:00+00:00,ATLANTA HAWKS,83,PHILADELPHIA 76ERS,127
2021-04-28 23:30:00+00:00,CHARLOTTE HORNETS,111,BOSTON CELTICS,120
2021-04-28 23:30:00+00:00,CHICAGO BULLS,94,NEW YORK KNICKS,113
2021-04-28 23:30:00+00:00,LOS ANGELES LAKERS,107,WASHINGTON WIZARDS,116
2021-04-29 00:00:00+00:00,SAN ANTONIO SPURS,111,MIAMI HEAT,116
2021-04-29 01:00:00+00:00,NEW ORLEANS PELICANS,112,DENVER NUGGETS,114
2021-04-29 01:00:00+00:00,PORTLAND TRAIL BLAZERS,130,MEMPHIS GRIZZLIES,109
2021-04-29 02:00:00+00:00,LOS ANGELES CLIPPERS,101,PHOENIX SUNS,109
2021-04-29 02:00:00+00:00,UTAH JAZZ,154,SACRAMENTO KINGS,105
2021-04-29 23:00:00+00:00,DALLAS MAVERICKS,115,DETROIT PISTONS,105
2021-04-29 23:00:00+00:00,BROOKLYN NETS,130,INDIANA PACERS,113
2021-04-30 00:00:00+00:00,MILWAUKEE BUCKS,136,HOUSTON ROCKETS,143
2021-04-30 00:00:00+00:00,GOLDEN STATE WARRIORS,114,MINNESOTA TIMBERWOLVES,126
2021-04-30 01:00:00+00:00,TORONTO RAPTORS,111,DENVER NUGGETS,121
2021-04-30 01:00:00+00:00,NEW ORLEANS PELICANS,109,OKLAHOMA CITY THUNDER,95
2021-04-30 23:00:00+00:00,ATLANTA HAWKS,104,PHILADELPHIA 76ERS,126
2021-04-30 23:30:00+00:00,SAN ANTONIO SPURS,140,BOSTON CELTICS,143
2021-04-30 23:30:00+00:00,WASHINGTON WIZARDS,122,CLEVELAND CAVALIERS,93
2021-05-01 00:00:00+00:00,PORTLAND TRAIL BLAZERS,128,BROOKLYN NETS,109
2021-05-01 00:00:00+00:00,ORLANDO MAGIC,75,MEMPHIS GRIZZLIES,92
2021-05-01 01:00:00+00:00,MILWAUKEE BUCKS,108,CHICAGO BULLS,98
2021-05-01 02:00:00+00:00,UTAH JAZZ,100,PHOENIX SUNS,121
2021-05-01 02:30:00+00:00,SACRAMENTO KINGS,110,LOS ANGELES LAKERS,106
2021-05-01 23:00:00+00:00,DETROIT PISTONS,94,CHARLOTTE HORNETS,107
2021-05-01 23:30:00+00:00,GOLDEN STATE WARRIORS,113,HOUSTON ROCKETS,87
2021-05-02 00:00:00+00:00,CHICAGO BULLS,97,ATLANTA HAWKS,108
2021-05-02 00:00:00+00:00,MIAMI HEAT,124,CLEVELAND CAVALIERS,107
2021-05-02 00:00:00+00:00,NEW ORLEANS PELICANS,140,MINNESOTA TIMBERWOLVES,136
2021-05-02 00:00:00+00:00,INDIANA PACERS,152,OKLAHOMA CITY THUNDER,95
2021-05-02 00:00:00+00:00,MEMPHIS GRIZZLIES,111,ORLANDO MAGIC,112
2021-05-02 01:00:00+00:00,WASHINGTON WIZARDS,124,DALLAS MAVERICKS,125
2021-05-02 02:00:00+00:00,DENVER NUGGETS,110,LOS ANGELES CLIPPERS,104
2021-05-02 02:00:00+00:00,TORONTO RAPTORS,102,UTAH JAZZ,106
2021-05-02 19:30:00+00:00,BROOKLYN NETS,114,MILWAUKEE BUCKS,117
2021-05-02 23:30:00+00:00,PORTLAND TRAIL BLAZERS,129,BOSTON CELTICS,119
2021-05-03 00:00:00+00:00,MIAMI HEAT,121,CHARLOTTE HORNETS,111
2021-05-03 00:00:00+00:00,SACRAMENTO KINGS,111,DALLAS MAVERICKS,99
2021-05-03 00:00:00+00:00,NEW YORK KNICKS,122,HOUSTON ROCKETS,97
2021-05-03 00:00:00+00:00,PHOENIX SUNS,123,OKLAHOMA CITY THUNDER,120
2021-05-03 00:00:00+00:00,PHILADELPHIA 76ERS,113,SAN ANTONIO SPURS,111
2021-05-03 02:00:00+00:00,TORONTO RAPTORS,121,LOS ANGELES LAKERS,114
2021-05-03 23:00:00+00:00,ORLANDO MAGIC,119,DETROIT PISTONS,112
2021-05-03 23:00:00+00:00,INDIANA PACERS,141,WASHINGTON WIZARDS,154
2021-05-03 23:30:00+00:00,GOLDEN STATE WARRIORS,123,NEW ORLEANS PELICANS,108
2021-05-04 00:00:00+00:00,PORTLAND TRAIL BLAZERS,114,ATLANTA HAWKS,123
2021-05-04 01:00:00+00:00,PHILADELPHIA 76ERS,106,CHICAGO BULLS,94
2021-05-04 01:00:00+00:00,NEW YORK KNICKS,118,MEMPHIS GRIZZLIES,104
2021-05-04 02:00:00+00:00,DENVER NUGGETS,89,LOS ANGELES LAKERS,93
2021-05-04 02:00:00+00:00,SAN ANTONIO SPURS,99,UTAH JAZZ,110
2021-05-04 23:00:00+00:00,PHOENIX SUNS,134,CLEVELAND CAVALIERS,118
2021-05-04 23:00:00+00:00,CHARLOTTE HORNETS,102,DETROIT PISTONS,99
2021-05-04 23:30:00+00:00,BROOKLYN NETS,118,MILWAUKEE BUCKS,124
2021-05-05 00:00:00+00:00,DALLAS MAVERICKS,127,MIAMI HEAT,113
2021-05-05 00:00:00+00:00,GOLDEN STATE WARRIORS,103,NEW ORLEANS PELICANS,108
2021-05-05 00:00:00+00:00,SACRAMENTO KINGS,103,OKLAHOMA CITY THUNDER,99
2021-05-05 02:00:00+00:00,TORONTO RAPTORS,100,LOS ANGELES CLIPPERS,105
2021-05-05 23:00:00+00:00,BOSTON CELTICS,132,ORLANDO MAGIC,96
2021-05-05 23:30:00+00:00,PORTLAND TRAIL BLAZERS,141,CLEVELAND CAVALIERS,105
2021-05-06 00:00:00+00:00,PHOENIX SUNS,103,ATLANTA HAWKS,135
2021-05-06 00:00:00+00:00,PHILADELPHIA 76ERS,135,HOUSTON ROCKETS,115
2021-05-06 00:00:00+00:00,SACRAMENTO KINGS,104,INDIANA PACERS,93
2021-05-06 00:00:00+00:00,WASHINGTON WIZARDS,134,MILWAUKEE BUCKS,135
2021-05-06 00:00:00+00:00,MEMPHIS GRIZZLIES,139,MINNESOTA TIMBERWOLVES,135
2021-05-06 01:00:00+00:00,NEW YORK KNICKS,97,DENVER NUGGETS,113
2021-05-06 01:00:00+00:00,SAN ANTONIO SPURS,94,UTAH JAZZ,126
2021-05-06 23:00:00+00:00,CHICAGO BULLS,120,CHARLOTTE HORNETS,99
2021-05-06 23:30:00+00:00,BROOKLYN NETS,109,DALLAS MAVERICKS,113
2021-05-06 23:30:00+00:00,WASHINGTON WIZARDS,131,TORONTO RAPTORS,129
2021-05-07 00:00:00+00:00,MEMPHIS GRIZZLIES,97,DETROIT PISTONS,111
2021-05-07 00:00:00+00:00,ATLANTA HAWKS,126,INDIANA PACERS,133
2021-05-07 02:00:00+00:00,OKLAHOMA CITY THUNDER,97,GOLDEN STATE WARRIORS,118
2021-05-07 02:00:00+00:00,LOS ANGELES LAKERS,94,LOS ANGELES CLIPPERS,118
2021-05-07 23:00:00+00:00,NEW ORLEANS PELICANS,107,PHILADELPHIA 76ERS,109
2021-05-07 23:30:00+00:00,BOSTON CELTICS,99,CHICAGO BULLS,121
2021-05-08 00:00:00+00:00,ORLANDO MAGIC,112,CHARLOTTE HORNETS,122
2021-05-08 00:00:00+00:00,MINNESOTA TIMBERWOLVES,112,MIAMI HEAT,121
2021-05-08 00:00:00+00:00,HOUSTON ROCKETS,133,MILWAUKEE BUCKS,141
2021-05-08 00:30:00+00:00,CLEVELAND CAVALIERS,90,DALLAS MAVERICKS,110
2021-05-08 01:00:00+00:00,DENVER NUGGETS,120,UTAH JAZZ,127
2021-05-08 02:00:00+00:00,NEW YORK KNICKS,105,PHOENIX SUNS,128
2021-05-08 02:00:00+00:00,LOS ANGELES LAKERS,101,PORTLAND TRAIL BLAZERS,106
2021-05-08 02:00:00+00:00,SAN ANTONIO SPURS,113,SACRAMENTO KINGS,104
2021-05-08 23:00:00+00:00,WASHINGTON WIZARDS,133,INDIANA PACERS,132
2021-05-08 23:00:00+00:00,DETROIT PISTONS,104,PHILADELPHIA 76ERS,118
2021-05-08 23:30:00+00:00,MEMPHIS GRIZZLIES,109,TORONTO RAPTORS,99
2021-05-09 02:00:00+00:00,BROOKLYN NETS,125,DENVER NUGGETS,119
2021-05-09 02:00:00+00:00,OKLAHOMA CITY THUNDER,97,GOLDEN STATE WARRIORS,136
2021-05-09 02:00:00+00:00,SAN ANTONIO SPURS,102,PORTLAND TRAIL BLAZERS,124
2021-05-09 02:00:00+00:00,HOUSTON ROCKETS,116,UTAH JAZZ,124
2021-05-09 17:00:00+00:00,MIAMI HEAT,130,BOSTON CELTICS,124
2021-05-09 19:30:00+00:00,NEW YORK KNICKS,106,LOS ANGELES CLIPPERS,100
2021-05-09 23:00:00+00:00,NEW ORLEANS PELICANS,112,CHARLOTTE HORNETS,110
2021-05-09 23:00:00+00:00,DALLAS MAVERICKS,124,CLEVELAND CAVALIERS,97
2021-05-09 23:00:00+00:00,MINNESOTA TIMBERWOLVES,128,ORLANDO MAGIC,96
2021-05-10 00:00:00+00:00,CHICAGO BULLS,108,DETROIT PISTONS,96
2021-05-10 02:00:00+00:00,PHOENIX SUNS,110,LOS ANGELES LAKERS,123
2021-05-10 02:00:00+00:00,OKLAHOMA CITY THUNDER,98,SACRAMENTO KINGS,126
2021-05-10 23:30:00+00:00,WASHINGTON WIZARDS,124,ATLANTA HAWKS,125
2021-05-10 23:30:00+00:00,INDIANA PACERS,111,CLEVELAND CAVALIERS,102
2021-05-11 00:00:00+00:00,NEW ORLEANS PELICANS,110,MEMPHIS GRIZZLIES,115
2021-05-11 00:30:00+00:00,MILWAUKEE BUCKS,125,SAN ANTONIO SPURS,146
2021-05-11 02:00:00+00:00,UTAH JAZZ,116,GOLDEN STATE WARRIORS,119
2021-05-11 02:00:00+00:00,HOUSTON ROCKETS,129,PORTLAND TRAIL BLAZERS,140
2021-05-11 23:00:00+00:00,DENVER NUGGETS,117,CHARLOTTE HORNETS,112
2021-05-11 23:00:00+00:00,MINNESOTA TIMBERWOLVES,119,DETROIT PISTONS,100
2021-05-11 23:30:00+00:00,MIAMI HEAT,129,BOSTON CELTICS,121
2021-05-11 23:30:00+00:00,LOS ANGELES CLIPPERS,115,TORONTO RAPTORS,96
2021-05-12 00:00:00+00:00,BROOKLYN NETS,115,CHICAGO BULLS,107
2021-05-12 00:00:00+00:00,PHILADELPHIA 76ERS,94,INDIANA PACERS,103
2021-05-12 00:00:00+00:00,DALLAS MAVERICKS,104,MEMPHIS GRIZZLIES,133
2021-05-12 01:00:00+00:00,ORLANDO MAGIC,102,MILWAUKEE BUCKS,114
2021-05-12 02:00:00+00:00,PHOENIX SUNS,116,GOLDEN STATE WARRIORS,122
2021-05-12 02:00:00+00:00,NEW YORK KNICKS,99,LOS ANGELES LAKERS,101
2021-05-12 02:00:00+00:00,OKLAHOMA CITY THUNDER,106,SACRAMENTO KINGS,122
2021-05-12 23:00:00+00:00,WASHINGTON WIZARDS,116,ATLANTA HAWKS,120
2021-05-13 00:00:00+00:00,SAN ANTONIO SPURS,116,BROOKLYN NETS,128
2021-05-13 00:00:00+00:00,BOSTON CELTICS,94,CLEVELAND CAVALIERS,102
2021-05-13 01:00:00+00:00,NEW ORLEANS PELICANS,107,DALLAS MAVERICKS,125
2021-05-13 01:30:00+00:00,PORTLAND TRAIL BLAZERS,105,UTAH JAZZ,98
2021-05-13 02:30:00+00:00,HOUSTON ROCKETS,122,LOS ANGELES LAKERS,124
2021-05-13 23:00:00+00:00,LOS ANGELES CLIPPERS,113,CHARLOTTE HORNETS,90
2021-05-13 23:00:00+00:00,MILWAUKEE BUCKS,142,INDIANA PACERS,133
2021-05-13 23:30:00+00:00,ORLANDO MAGIC,93,ATLANTA HAWKS,116
2021-05-13 23:30:00+00:00,PHILADELPHIA 76ERS,94,MIAMI HEAT,106
2021-05-13 23:30:00+00:00,SAN ANTONIO SPURS,98,NEW YORK KNICKS,102
2021-05-14 00:00:00+00:00,TORONTO RAPTORS,102,CHICAGO BULLS,114
2021-05-14 00:00:00+00:00,SACRAMENTO KINGS,110,MEMPHIS GRIZZLIES,116
2021-05-14 00:00:00+00:00,DENVER NUGGETS,114,MINNESOTA TIMBERWOLVES,103
2021-05-14 02:00:00+00:00,PORTLAND TRAIL BLAZERS,117,PHOENIX SUNS,118
2021-05-14 23:00:00+00:00,CLEVELAND CAVALIERS,105,WASHINGTON WIZARDS,120
2021-05-15 00:00:00+00:00,DENVER NUGGETS,104,DETROIT PISTONS,91
2021-05-15 00:00:00+00:00,UTAH JAZZ,109,OKLAHOMA CITY THUNDER,93
2021-05-15 00:00:00+00:00,ORLANDO MAGIC,97,PHILADELPHIA 76ERS,122
2021-05-15 01:00:00+00:00,TORONTO RAPTORS,110,DALLAS MAVERICKS,114
2021-05-15 01:00:00+00:00,LOS ANGELES CLIPPERS,115,HOUSTON ROCKETS,122
2021-05-15 01:00:00+00:00,SACRAMENTO KINGS,106,MEMPHIS GRIZZLIES,107
2021-05-15 01:30:00+00:00,NEW ORLEANS PELICANS,122,GOLDEN STATE WARRIORS,125
2021-05-15 17:00:00+00:00,CHICAGO BULLS,91,BROOKLYN NETS,105
2021-05-15 17:00:00+00:00,LOS ANGELES LAKERS,122,INDIANA PACERS,115
2021-05-15 17:00:00+00:00,CHARLOTTE HORNETS,109,NEW YORK KNICKS,118
2021-05-15 18:00:00+00:00,BOSTON CELTICS,124,MINNESOTA TIMBERWOLVES,108
2021-05-15 18:00:00+00:00,PHOENIX SUNS,140,SAN ANTONIO SPURS,103
2021-05-16 00:00:00+00:00,MIAMI HEAT,108,MILWAUKEE BUCKS,122
2021-05-16 17:00:00+00:00,BOSTON CELTICS,92,NEW YORK KNICKS,96
2021-05-16 17:00:00+00:00,INDIANA PACERS,125,TORONTO RAPTORS,113
2021-05-16 17:00:00+00:00,CHARLOTTE HORNETS,110,WASHINGTON WIZARDS,115
2021-05-16 18:00:00+00:00,PHOENIX SUNS,123,SAN ANTONIO SPURS,121
2021-05-16 19:30:00+00:00,MEMPHIS GRIZZLIES,101,GOLDEN STATE WARRIORS,113
2021-05-16 23:00:00+00:00,HOUSTON ROCKETS,95,ATLANTA HAWKS,124
2021-05-16 23:00:00+00:00,CLEVELAND CAVALIERS,109,BROOKLYN NETS,123
2021-05-16 23:00:00+00:00,ORLANDO MAGIC,117,PHILADELPHIA 76ERS,128
2021-05-17 00:00:00+00:00,MIAMI HEAT,120,DETROIT PISTONS,107
2021-05-17 01:00:00+00:00,MILWAUKEE BUCKS,112,CHICAGO BULLS,118
2021-05-17 01:00:00+00:00,DALLAS MAVERICKS,121,MINNESOTA TIMBERWOLVES,136
2021-05-17 01:00:00+00:00,LOS ANGELES LAKERS,110,NEW ORLEANS PELICANS,98
2021-05-17 01:00:00+00:00,LOS ANGELES CLIPPERS,112,OKLAHOMA CITY THUNDER,117
2021-05-17 01:00:00+00:00,DENVER NUGGETS,116,PORTLAND TRAIL BLAZERS,132
2021-05-17 01:00:00+00:00,UTAH JAZZ,121,SACRAMENTO KINGS,99
2021-05-18 22:30:00+00:00,CHARLOTTE HORNETS,117,INDIANA PACERS,144
2021-05-19 01:00:00+00:00,WASHINGTON WIZARDS,100,BOSTON CELTICS,118
2021-05-19 23:30:00+00:00,SAN ANTONIO SPURS,96,MEMPHIS GRIZZLIES,100
2021-05-20 02:00:00+00:00,GOLDEN STATE WARRIORS,100,LOS ANGELES LAKERS,103
2021-05-21 00:00:00+00:00,INDIANA PACERS,115,WASHINGTON WIZARDS,142
2021-05-22 01:00:00+00:00,MEMPHIS GRIZZLIES,117,GOLDEN STATE WARRIORS,112
2021-05-22 18:00:00+00:00,MIAMI HEAT,107,MILWAUKEE BUCKS,109
2021-05-22 20:30:00+00:00,DALLAS MAVERICKS,113,LOS ANGELES CLIPPERS,103
2021-05-23 00:00:00+00:00,BOSTON CELTICS,93,BROOKLYN NETS,104
2021-05-23 02:30:00+00:00,PORTLAND TRAIL BLAZERS,123,DENVER NUGGETS,109
2021-05-23 17:00:00+00:00,WASHINGTON WIZARDS,118,PHILADELPHIA 76ERS,125
2021-05-23 19:30:00+00:00,LOS ANGELES LAKERS,90,PHOENIX SUNS,99
2021-05-23 23:00:00+00:00,ATLANTA HAWKS,107,NEW YORK KNICKS,105
2021-05-24 01:30:00+00:00,MEMPHIS GRIZZLIES,112,UTAH JAZZ,109
2021-05-24 23:30:00+00:00,MIAMI HEAT,98,MILWAUKEE BUCKS,132
2021-05-25 02:00:00+00:00,PORTLAND TRAIL BLAZERS,109,DENVER NUGGETS,128
2021-05-25 23:30:00+00:00,BOSTON CELTICS,108,BROOKLYN NETS,130
2021-05-26 02:00:00+00:00,LOS ANGELES LAKERS,109,PHOENIX SUNS,102
2021-05-26 02:30:00+00:00,DALLAS MAVERICKS,127,LOS ANGELES CLIPPERS,121
2021-05-26 23:00:00+00:00,WASHINGTON WIZARDS,95,PHILADELPHIA 76ERS,120
2021-05-26 23:30:00+00:00,ATLANTA HAWKS,92,NEW YORK KNICKS,101
2021-05-27 02:00:00+00:00,MEMPHIS GRIZZLIES,129,UTAH JAZZ,141
2021-05-27 23:30:00+00:00,MILWAUKEE BUCKS,113,MIAMI HEAT,84
2021-05-28 02:00:00+00:00,PHOENIX SUNS,95,LOS ANGELES LAKERS,109
2021-05-28 02:30:00+00:00,DENVER NUGGETS,120,PORTLAND TRAIL BLAZERS,115
2021-05-28 23:00:00+00:00,NEW YORK KNICKS,94,ATLANTA HAWKS,105
2021-05-29 00:30:00+00:00,BROOKLYN NETS,119,BOSTON CELTICS,125
2021-05-29 01:30:00+00:00,LOS ANGELES CLIPPERS,118,DALLAS MAVERICKS,108
2021-05-29 17:30:00+00:00,MILWAUKEE BUCKS,120,MIAMI HEAT,103
2021-05-29 20:00:00+00:00,DENVER NUGGETS,95,PORTLAND TRAIL BLAZERS,115
2021-05-29 23:00:00+00:00,PHILADELPHIA 76ERS,132,WASHINGTON WIZARDS,103
2021-05-30 01:30:00+00:00,UTAH JAZZ,121,MEMPHIS GRIZZLIES,111
2021-05-30 17:00:00+00:00,NEW YORK KNICKS,96,ATLANTA HAWKS,113
2021-05-30 19:30:00+00:00,PHOENIX SUNS,100,LOS ANGELES LAKERS,92
2021-05-30 23:00:00+00:00,BROOKLYN NETS,141,BOSTON CELTICS,126
2021-05-31 01:30:00+00:00,LOS ANGELES CLIPPERS,106,DALLAS MAVERICKS,81
2021-05-31 23:00:00+00:00,PHILADELPHIA 76ERS,114,WASHINGTON WIZARDS,122
2021-06-01 01:30:00+00:00,UTAH JAZZ,120,MEMPHIS GRIZZLIES,113
2021-06-01 23:30:00+00:00,BOSTON CELTICS,109,BROOKLYN NETS,123
2021-06-02 01:00:00+00:00,PORTLAND TRAIL BLAZERS,140,DENVER NUGGETS,147
2021-06-02 02:00:00+00:00,LOS ANGELES LAKERS,85,PHOENIX SUNS,115
2021-06-02 23:00:00+00:00,WASHINGTON WIZARDS,112,PHILADELPHIA 76ERS,129
2021-06-02 23:30:00+00:00,ATLANTA HAWKS,103,NEW YORK KNICKS,89
2021-06-03 01:30:00+00:00,MEMPHIS GRIZZLIES,110,UTAH JAZZ,126
2021-06-03 02:00:00+00:00,DALLAS MAVERICKS,105,LOS ANGELES CLIPPERS,100
2021-06-04 00:00:00+00:00,DENVER NUGGETS,126,PORTLAND TRAIL BLAZERS,115
2021-06-04 02:30:00+00:00,PHOENIX SUNS,113,LOS ANGELES LAKERS,100
2021-06-05 01:00:00+00:00,LOS ANGELES CLIPPERS,104,DALLAS MAVERICKS,97
2021-06-05 23:30:00+00:00,MILWAUKEE BUCKS,107,BROOKLYN NETS,115
2021-06-06 17:00:00+00:00,ATLANTA HAWKS,128,PHILADELPHIA 76ERS,124
2021-06-06 19:30:00+00:00,DALLAS MAVERICKS,111,LOS ANGELES CLIPPERS,126
2021-06-07 23:30:00+00:00,MILWAUKEE BUCKS,86,BROOKLYN NETS,125
2021-06-08 02:00:00+00:00,DENVER NUGGETS,105,PHOENIX SUNS,122
2021-06-08 23:30:00+00:00,ATLANTA HAWKS,102,PHILADELPHIA 76ERS,118
2021-06-09 02:00:00+00:00,LOS ANGELES CLIPPERS,109,UTAH JAZZ,112
2021-06-10 01:30:00+00:00,DENVER NUGGETS,98,PHOENIX SUNS,123
2021-06-10 23:30:00+00:00,BROOKLYN NETS,83,MILWAUKEE BUCKS,86
2021-06-11 02:00:00+00:00,LOS ANGELES CLIPPERS,111,UTAH JAZZ,117
2021-06-11 23:30:00+00:00,PHILADELPHIA 76ERS,127,ATLANTA HAWKS,111
2021-06-12 02:00:00+00:00,PHOENIX SUNS,116,DENVER NUGGETS,102
2021-06-13 00:30:00+00:00,UTAH JAZZ,106,LOS ANGELES CLIPPERS,132
2021-06-13 19:00:00+00:00,BROOKLYN NETS,96,MILWAUKEE BUCKS,107
2021-06-14 00:00:00+00:00,PHOENIX SUNS,125,DENVER NUGGETS,118
2021-06-14 23:30:00+00:00,PHILADELPHIA 76ERS,100,ATLANTA HAWKS,103
2021-06-15 02:00:00+00:00,UTAH JAZZ,104,LOS ANGELES CLIPPERS,118
2021-06-16 00:30:00+00:00,MILWAUKEE BUCKS,108,BROOKLYN NETS,114
2021-06-16 23:30:00+00:00,ATLANTA HAWKS,109,PHILADELPHIA 76ERS,106
2021-06-17 02:00:00+00:00,LOS ANGELES CLIPPERS,119,UTAH JAZZ,111
2021-06-18 00:30:00+00:00,BROOKLYN NETS,89,MILWAUKEE BUCKS,104
2021-06-18 23:30:00+00:00,PHILADELPHIA 76ERS,104,ATLANTA HAWKS,99
2021-06-19 02:00:00+00:00,UTAH JAZZ,119,LOS ANGELES CLIPPERS,131
2021-06-20 00:30:00+00:00,MILWAUKEE BUCKS,115,BROOKLYN NETS,111
2021-06-20 19:30:00+00:00,LOS ANGELES CLIPPERS,114,PHOENIX SUNS,120
2021-06-21 00:00:00+00:00,ATLANTA HAWKS,103,PHILADELPHIA 76ERS,96
2021-06-23 01:00:00+00:00,LOS ANGELES CLIPPERS,103,PHOENIX SUNS,104
2021-06-24 00:30:00+00:00,ATLANTA HAWKS,116,MILWAUKEE BUCKS,113
2021-06-25 01:00:00+00:00,PHOENIX SUNS,92,LOS ANGELES CLIPPERS,106
2021-06-26 00:30:00+00:00,ATLANTA HAWKS,91,MILWAUKEE BUCKS,125
2021-06-27 01:00:00+00:00,PHOENIX SUNS,84,LOS ANGELES CLIPPERS,80
2021-06-28 00:30:00+00:00,MILWAUKEE BUCKS,113,ATLANTA HAWKS,102
2021-06-29 01:00:00+00:00,LOS ANGELES CLIPPERS,116,PHOENIX SUNS,102
2021-06-30 00:30:00+00:00,MILWAUKEE BUCKS,88,ATLANTA HAWKS,110
2021-07-01 01:00:00+00:00,PHOENIX SUNS,130,LOS ANGELES CLIPPERS,103
2021-07-02 00:30:00+00:00,ATLANTA HAWKS,112,MILWAUKEE BUCKS,123
2021-07-04 00:30:00+00:00,MILWAUKEE BUCKS,118,ATLANTA HAWKS,107
2021-07-07 01:00:00+00:00,MILWAUKEE BUCKS,105,PHOENIX SUNS,118
2021-07-09 01:00:00+00:00,MILWAUKEE BUCKS,108,PHOENIX SUNS,118
2021-07-12 00:00:00+00:00,PHOENIX SUNS,100,MILWAUKEE BUCKS,120
2021-07-15 01:00:00+00:00,PHOENIX SUNS,103,MILWAUKEE BUCKS,109
2021-07-18 01:00:00+00:00,MILWAUKEE BUCKS,123,PHOENIX SUNS,119
2021-07-21 01:00:00+00:00,PHOENIX SUNS,98,MILWAUKEE BUCKS,105
